Country Name,Country Code,Indicator Name,Indicator Code,1960,1961,1962,1963,1964,1965,1966,1967,1968,1969,1970,1971,1972,1973,1974,1975,1976,1977,1978,1979,1980,1981,1982,1983,1984,1985,1986,1987,1988,1989,1990,1991,1992,1993,1994,1995,1996,1997,1998,1999,2000,2001,2002,2003,2004,2005,2006,2007,2008,2009,2010,2011,2012,2013,2014,2015,2016,2017,2018,2019,2020,2021,2022
Aruba,ABW,"Employment to population ratio, 15+, total (%) (modeled ILO estimate)",SL.EMP.TOTL.SP.ZS,,,,,,,,,,,,,,,,,,,,,,,,,,,,,,,,,,,,,,,,,,,,,,,,,,,,,,,,,,,,,,,
Africa Eastern and Southern,AFE,"Employment to population ratio, 15+, total (%) (modeled ILO estimate)",SL.EMP.TOTL.SP.ZS,,,,,,,,,,,,,,,,,,,,,,,,,,,,,,,,66.34569372,66.40179142,66.40991993,66.46666359,66.61340887,66.61855996,66.5520818,66.54213716,66.54824242,66.58644428,66.65359333,66.73878765,66.83709542,67.03069934,67.20667385,67.11031345,66.97979942,66.84491503,66.44536286,65.36987247,65.61008918,65.52232692,65.58452721,65.46124324,65.49206605,65.39852443,65.38264805,65.16861,65.02428634,63.74016742,64.03023867,64.45621391
Afghanistan,AFG,"Employment to population ratio, 15+, total (%) (modeled ILO estimate)",SL.EMP.TOTL.SP.ZS,,,,,,,,,,,,,,,,,,,,,,,,,,,,,,,,43.207,43.168,43.152,43.109,42.993,42.985,42.984,42.971,42.977,42.992,43.029,43.01,43.098,43.195,43.239,43.22,43.155,43.164,43.11,43.092,43.18,43.194,43.292,43.374,42.93,42.475,42.021,42.128,42.223,36.711,,
Africa Western and Central,AFW,"Employment to population ratio, 15+, total (%) (modeled ILO estimate)",SL.EMP.TOTL.SP.ZS,,,,,,,,,,,,,,,,,,,,,,,,,,,,,,,,63.29093646,63.15114079,63.04541648,62.93789539,62.83371578,62.74423994,62.63899475,62.53561672,62.32882436,62.21946693,62.22541296,62.25670285,62.20490815,62.18304087,62.10629738,62.10994995,62.04653284,61.83630871,61.59361868,61.35439125,61.22289589,59.84151281,58.6341309,58.46617368,58.43679511,58.81561577,58.78907191,59.014525,59.24066273,58.166937,58.38840626,58.90268998
Angola,AGO,"Employment to population ratio, 15+, total (%) (modeled ILO estimate)",SL.EMP.TOTL.SP.ZS,,,,,,,,,,,,,,,,,,,,,,,,,,,,,,,,73.936,73.95,73.916,74.012,74.06,74.088,74.088,74.089,74.082,74.08,74.111,74.156,74.137,74.172,74.198,74.238,74.291,74.327,74.339,69.974,71.629,71.097,70.503,69.92,69.902,69.888,69.906,69.883,69.874,68.545,68.558,69.025
Albania,ALB,"Employment to population ratio, 15+, total (%) (modeled ILO estimate)",SL.EMP.TOTL.SP.ZS,,,,,,,,,,,,,,,,,,,,,,,,,,,,,,,,58.067,45.746,48.194,50.446,53.477,53.263,52.167,49.594,48.335,49.013,48.791,48.943,48.608,48.118,47.416,46.701,45.606,46.243,47.473,47.422,51.86,49.365,44.101,43.778,45.96,48.473,50.152,52.006,53.392,49.417,51.367,52.353
Andorra,AND,"Employment to population ratio, 15+, total (%) (modeled ILO estimate)",SL.EMP.TOTL.SP.ZS,,,,,,,,,,,,,,,,,,,,,,,,,,,,,,,,,,,,,,,,,,,,,,,,,,,,,,,,,,,,,,,
Arab World,ARB,"Employment to population ratio, 15+, total (%) (modeled ILO estimate)",SL.EMP.TOTL.SP.ZS,,,,,,,,,,,,,,,,,,,,,,,,,,,,,,,,41.98834674,42.0384944,41.91525448,42.03149889,41.59257756,41.87249443,41.89609795,41.67340323,41.95820321,41.5027368,41.11484303,40.57977502,40.77161775,41.36968582,41.58849799,42.10737388,42.55185722,42.66120366,42.93798805,43.33484442,42.78899151,42.67979985,42.86035266,42.54462723,42.4464257,42.55632659,41.84159352,41.6950937,41.81754427,40.35910076,40.53701215,41.05872993
United Arab Emirates,ARE,"Employment to population ratio, 15+, total (%) (modeled ILO estimate)",SL.EMP.TOTL.SP.ZS,,,,,,,,,,,,,,,,,,,,,,,,,,,,,,,,71.645,72.022,72.579,73.017,73.444,73.47,73.01,72.605,72.424,72.469,72.589,72.992,73.611,74.321,74.64,74.607,74.308,74.398,74.899,75.793,76.691,77.414,78.056,78.619,79.152,79.706,79.519,80.15,80.552,78.649,78.787,79.945
Argentina,ARG,"Employment to population ratio, 15+, total (%) (modeled ILO estimate)",SL.EMP.TOTL.SP.ZS,,,,,,,,,,,,,,,,,,,,,,,,,,,,,,,,56.681,56.826,55.253,54.69,49.934,51.381,53.462,55.093,53.753,52.971,50.982,48.386,51.671,53.566,54.43,55.571,55.941,55.692,55.523,55.549,56.295,56.002,55.703,55.119,54.774,54.235,53.899,54.105,54.357,49.6,55.085,56.313
Armenia,ARM,"Employment to population ratio, 15+, total (%) (modeled ILO estimate)",SL.EMP.TOTL.SP.ZS,,,,,,,,,,,,,,,,,,,,,,,,,,,,,,,,64.179,63.728,60.964,59.678,59.244,57.309,56.123,56.808,55.487,55.342,55.119,54.834,54.583,54.447,54.283,54.259,54.356,54.151,55.08,54.891,54.722,54.445,54.381,54.248,54.137,54.088,53.733,53.507,55.12,54.448,54.494,54.828
American Samoa,ASM,"Employment to population ratio, 15+, total (%) (modeled ILO estimate)",SL.EMP.TOTL.SP.ZS,,,,,,,,,,,,,,,,,,,,,,,,,,,,,,,,,,,,,,,,,,,,,,,,,,,,,,,,,,,,,,,
Antigua and Barbuda,ATG,"Employment to population ratio, 15+, total (%) (modeled ILO estimate)",SL.EMP.TOTL.SP.ZS,,,,,,,,,,,,,,,,,,,,,,,,,,,,,,,,,,,,,,,,,,,,,,,,,,,,,,,,,,,,,,,
Australia,AUS,"Employment to population ratio, 15+, total (%) (modeled ILO estimate)",SL.EMP.TOTL.SP.ZS,,,,,,,,,,,,,,,,,,,,,,,,,,,,,,,,57.091,56.115,55.662,56.813,58.158,58.114,57.843,58.162,58.448,59.175,59.034,59.324,59.819,60.04,61.161,61.664,62.325,62.71,61.792,61.983,62.097,61.749,61.264,60.766,61.068,61.166,61.527,62.152,62.547,60.829,62.478,63.96
Austria,AUT,"Employment to population ratio, 15+, total (%) (modeled ILO estimate)",SL.EMP.TOTL.SP.ZS,,,,,,,,,,,,,,,,,,,,,,,,,,,,,,,,53.93,54.558,54.281,56.969,56.841,55.714,55.402,55.597,56.198,55.928,55.905,56.072,56.323,53.922,55.263,55.984,57.027,57.685,57.237,57.489,57.732,57.801,57.667,57.279,57.247,57.531,57.843,58.394,58.605,57.513,57.38,58.761
Azerbaijan,AZE,"Employment to population ratio, 15+, total (%) (modeled ILO estimate)",SL.EMP.TOTL.SP.ZS,,,,,,,,,,,,,,,,,,,,,,,,,,,,,,,,71.02,72.221,72.324,72.888,73.424,72.774,71.694,70.401,69.26,67.8,66.495,65.23,64.104,62.552,61.719,60.538,58.173,57.551,57.557,57.469,57.857,58.396,58.813,59.626,60.287,61.401,61.95,62.431,62.347,62.702,62.692,62.657
Burundi,BDI,"Employment to population ratio, 15+, total (%) (modeled ILO estimate)",SL.EMP.TOTL.SP.ZS,,,,,,,,,,,,,,,,,,,,,,,,,,,,,,,,87.243,86.641,85.819,85.089,84.422,83.585,82.723,81.854,81.152,80.509,79.932,79.384,78.799,78.406,77.949,77.635,77.977,78.374,78.286,78.23,78.065,77.934,77.833,77.713,78.139,78.483,78.7,78.83,78.759,77.678,78.215,78.92
Belgium,BEL,"Employment to population ratio, 15+, total (%) (modeled ILO estimate)",SL.EMP.TOTL.SP.ZS,,,,,,,,,,,,,,,,,,,,,,,,,,,,,,,,45.831,46.305,45.712,45.473,45.81,45.631,45.998,46.111,47.42,48.844,47.745,47.653,47.406,48.201,48.801,48.728,49.592,49.933,49.241,49.588,49.402,49.235,49.045,48.951,48.789,48.951,50.023,50.966,51.475,50.833,51.079,51.841
Benin,BEN,"Employment to population ratio, 15+, total (%) (modeled ILO estimate)",SL.EMP.TOTL.SP.ZS,,,,,,,,,,,,,,,,,,,,,,,,,,,,,,,,71.103,71.07,71.113,71.099,71.146,71.15,71.176,71.183,71.207,71.227,71.241,71.255,71.235,71.224,71.196,71.191,71.186,71.165,71.135,71.118,69.975,68.925,67.843,66.689,65.467,64.281,63.07,61.818,61.758,61.044,61.186,61.553
Burkina Faso,BFA,"Employment to population ratio, 15+, total (%) (modeled ILO estimate)",SL.EMP.TOTL.SP.ZS,,,,,,,,,,,,,,,,,,,,,,,,,,,,,,,,81.787,81.127,80.553,79.914,79.314,78.7,77.987,77.298,76.515,75.668,74.888,74.031,73.205,71.891,70.648,70.051,69.503,68.605,67.651,66.767,65.799,64.836,63.858,62.86,62.728,62.626,62.499,62.368,62.309,61.483,61.93,62.161
Bangladesh,BGD,"Employment to population ratio, 15+, total (%) (modeled ILO estimate)",SL.EMP.TOTL.SP.ZS,,,,,,,,,,,,,,,,,,,,,,,,,,,,,,,,56.999,56.973,56.991,57.02,57.03,56.955,56.808,56.655,56.521,56.373,56.121,55.905,55.661,55.675,55.673,55.985,55.505,55.053,54.605,55.345,54.942,54.553,54.175,54.006,53.829,53.65,55.781,55.911,56.019,55.007,55.277,55.993
Bulgaria,BGR,"Employment to population ratio, 15+, total (%) (modeled ILO estimate)",SL.EMP.TOTL.SP.ZS,,,,,,,,,,,,,,,,,,,,,,,,,,,,,,,,50.559,48.423,47.072,48.342,48.51,46.982,45.581,45.602,43.86,42.041,41.137,41.616,43.066,44.464,44.681,46.7,48.981,50.791,49.404,47.902,46.597,46.567,46.925,47.957,49.128,49.293,51.94,52.438,54.187,52.706,52.348,53.821
Bahrain,BHR,"Employment to population ratio, 15+, total (%) (modeled ILO estimate)",SL.EMP.TOTL.SP.ZS,,,,,,,,,,,,,,,,,,,,,,,,,,,,,,,,64.702,64.601,64.531,64.362,64.333,64.333,64.387,64.542,64.798,65.179,65.631,66.177,66.613,66.833,67.114,67.636,68.397,69.299,70.269,70.944,70.301,70.609,70.674,70.171,70.008,70.45,70.995,71.435,71.558,69.419,69.906,70.678
"Bahamas, The",BHS,"Employment to population ratio, 15+, total (%) (modeled ILO estimate)",SL.EMP.TOTL.SP.ZS,,,,,,,,,,,,,,,,,,,,,,,,,,,,,,,,63.597,62.188,64.203,63.82,66.22,65.909,67.436,68.854,69.417,69.692,69.975,68.369,66.894,67.286,67.293,69.285,68.954,68.508,63.721,63.596,63.361,63.712,61.9,63.574,64.784,64.211,66.343,66.178,66.045,60.875,62.816,64.989
Bosnia and Herzegovina,BIH,"Employment to population ratio, 15+, total (%) (modeled ILO estimate)",SL.EMP.TOTL.SP.ZS,,,,,,,,,,,,,,,,,,,,,,,,,,,,,,,,37.512,36.817,35.773,34.597,33.709,33.156,32.691,32.262,31.955,31.424,31.228,30.976,30.771,30.428,30.207,29.903,31.269,34.435,34.104,33.219,32.827,32.89,32.854,33.529,33.488,34.439,36.711,37.545,39.655,39.656,42.439,42.657
Belarus,BLR,"Employment to population ratio, 15+, total (%) (modeled ILO estimate)",SL.EMP.TOTL.SP.ZS,,,,,,,,,,,,,,,,,,,,,,,,,,,,,,,,58.818,57.249,53.941,51.475,48.707,44.553,48.522,50.198,50.959,51.72,52.481,53.122,53.672,54.151,54.842,55.535,56.34,57.152,58.165,58.488,58.942,59.333,59.578,59.736,59.945,60.016,60.17,60.607,60.799,60.662,60.773,60.439
Belize,BLZ,"Employment to population ratio, 15+, total (%) (modeled ILO estimate)",SL.EMP.TOTL.SP.ZS,,,,,,,,,,,,,,,,,,,,,,,,,,,,,,,,51.522,51.835,51.858,50.972,50.384,49.867,50.829,50.2,51.386,52.873,54.249,53.955,54.091,54.132,54.177,55.338,56.11,56.546,56.727,56.969,57.219,57.48,57.726,58.592,59.423,60.226,60.2,59.568,58.854,56.268,57.683,58.599
Bermuda,BMU,"Employment to population ratio, 15+, total (%) (modeled ILO estimate)",SL.EMP.TOTL.SP.ZS,,,,,,,,,,,,,,,,,,,,,,,,,,,,,,,,,,,,,,,,,,,,,,,,,,,,,,,,,,,,,,,
Bolivia,BOL,"Employment to population ratio, 15+, total (%) (modeled ILO estimate)",SL.EMP.TOTL.SP.ZS,,,,,,,,,,,,,,,,,,,,,,,,,,,,,,,,67.426,67.182,67.507,67.757,68.233,68.67,69.2,69.489,69.595,69.11,68.878,68.713,68.524,68.388,68.201,70.848,69.143,69.943,69.978,70.167,70.36,67.2,67.609,69.928,64.994,65.002,66.125,69.273,68.079,64.175,64.614,66.275
Brazil,BRA,"Employment to population ratio, 15+, total (%) (modeled ILO estimate)",SL.EMP.TOTL.SP.ZS,,,,,,,,,,,,,,,,,,,,,,,,,,,,,,,,59.579,59.646,59.997,59.817,59.521,57.309,57.542,56.923,56.853,57.528,57.741,58.525,58.053,59.249,59.541,59.815,59.733,60.196,59.604,59.362,58.477,59.165,59.215,59.217,58.247,56.027,55.542,55.903,56.569,51.324,53.651,57.161
Barbados,BRB,"Employment to population ratio, 15+, total (%) (modeled ILO estimate)",SL.EMP.TOTL.SP.ZS,,,,,,,,,,,,,,,,,,,,,,,,,,,,,,,,51.615,50.991,50.444,52.004,54.76,57.144,57.903,59.367,60.633,62.273,62.699,61.422,61.632,63.012,63.244,61.945,62.776,62.129,60.835,60.374,60.027,58.519,59.005,56.123,57.692,60.041,58.821,58.281,57.061,54.346,54.857,55.968
Brunei Darussalam,BRN,"Employment to population ratio, 15+, total (%) (modeled ILO estimate)",SL.EMP.TOTL.SP.ZS,,,,,,,,,,,,,,,,,,,,,,,,,,,,,,,,62.536,62.68,62.879,63.008,63.15,63.321,63.52,63.664,63.777,63.93,64.081,63.857,63.658,63.476,63.267,63.008,62.849,62.664,62.451,62.185,61.958,61.371,60.782,60.156,59.051,58.011,56.884,59.701,59.953,59.071,59.249,59.557
Bhutan,BTN,"Employment to population ratio, 15+, total (%) (modeled ILO estimate)",SL.EMP.TOTL.SP.ZS,,,,,,,,,,,,,,,,,,,,,,,,,,,,,,,,69.853,69.644,69.465,69.264,69.059,69,68.956,68.925,68.905,68.75,68.544,68.577,68.656,68.211,67.825,67.728,67.256,67.152,66.94,65.887,65.233,63.08,63.426,60.963,61.593,61.419,61.28,61.125,61.532,57.742,58.723,59.644
Botswana,BWA,"Employment to population ratio, 15+, total (%) (modeled ILO estimate)",SL.EMP.TOTL.SP.ZS,,,,,,,,,,,,,,,,,,,,,,,,,,,,,,,,51.004,49.394,47.813,46.248,45.996,45.714,45.815,45.782,47.137,48.319,46.983,45.689,44.308,45.624,46.993,48.386,49.675,50.953,52.134,48.569,48.839,49.12,49.484,49.7,49.879,50.295,50.538,50.808,51.062,49.509,50.695,51.526
Central African Republic,CAF,"Employment to population ratio, 15+, total (%) (modeled ILO estimate)",SL.EMP.TOTL.SP.ZS,,,,,,,,,,,,,,,,,,,,,,,,,,,,,,,,66.681,66.622,66.584,66.552,66.533,66.53,66.529,66.559,66.567,66.583,66.597,66.593,66.585,66.618,66.618,66.702,66.774,66.845,66.817,66.638,66.78,66.873,66.924,66.877,66.791,66.718,66.625,66.574,66.435,65.367,65.674,66.092
Canada,CAN,"Employment to population ratio, 15+, total (%) (modeled ILO estimate)",SL.EMP.TOTL.SP.ZS,,,,,,,,,,,,,,,,,,,,,,,,,,,,,,,,59.709,58.342,57.904,58.383,58.669,58.449,58.967,59.737,60.563,61.269,61.151,61.739,62.446,62.637,62.601,62.784,63.367,63.412,61.495,61.517,61.7,61.652,61.761,61.43,61.29,61.11,61.591,61.597,61.991,57.964,60.216,61.562
Central Europe and the Baltics,CEB,"Employment to population ratio, 15+, total (%) (modeled ILO estimate)",SL.EMP.TOTL.SP.ZS,,,,,,,,,,,,,,,,,,,,,,,,,,,,,,,,56.32274146,55.67197455,54.07017952,53.47131501,53.09242507,52.63846776,52.97242317,52.71286048,51.60275104,50.32256992,49.68756046,48.00080008,47.92300125,47.74395333,48.05698042,49.15105986,50.48310392,51.36640228,50.47217463,50.01691877,49.91739149,50.17174938,50.27536027,51.30231052,51.98339082,52.72829589,53.98963949,54.63814472,55.01741536,54.46449184,54.39381213,55.36647555
Switzerland,CHE,"Employment to population ratio, 15+, total (%) (modeled ILO estimate)",SL.EMP.TOTL.SP.ZS,,,,,,,,,,,,,,,,,,,,,,,,,,,,,,,,67.185,66.371,65.798,64.939,64.978,65.16,64.636,65.553,65.751,65.578,66.092,65.743,65.045,64.364,63.997,64.663,65.159,65.906,65.435,63.768,64.475,64.479,64.322,64.62,64.869,65.187,65.155,65.255,65.235,64.599,63.944,64.608
Channel Islands,CHI,"Employment to population ratio, 15+, total (%) (modeled ILO estimate)",SL.EMP.TOTL.SP.ZS,,,,,,,,,,,,,,,,,,,,,,,,,,,,,,,,54.027,53.881,53.238,53.178,53.644,54.037,54.373,54.904,55.501,55.864,56.655,57.058,57.119,56.875,56.704,56.459,56.259,56.537,56.006,55.584,54.901,54.341,53.888,53.973,54.258,54.503,54.767,54.95,54.882,53.493,54.052,54.746
Chile,CHL,"Employment to population ratio, 15+, total (%) (modeled ILO estimate)",SL.EMP.TOTL.SP.ZS,,,,,,,,,,,,,,,,,,,,,,,,,,,,,,,,50.41,51.885,52.344,51.957,53.392,52.434,52.577,52.602,50.328,50.045,49.294,48.966,49.654,49.771,50.534,51.749,52.515,53.111,51.751,53.754,55.627,55.783,56.074,56.019,56.012,55.645,55.774,55.563,55.286,49.211,51.788,54.402
China,CHN,"Employment to population ratio, 15+, total (%) (modeled ILO estimate)",SL.EMP.TOTL.SP.ZS,,,,,,,,,,,,,,,,,,,,,,,,,,,,,,,,77.072,76.849,76.373,75.982,75.677,75.355,75.039,74.8,74.559,74.316,73.375,72.507,71.71,71.23,70.652,70.154,69.64,68.886,68.205,67.746,67.636,67.185,66.751,66.425,66.078,65.739,65.295,64.887,64.307,61.714,64.056,63.634
Cote d'Ivoire,CIV,"Employment to population ratio, 15+, total (%) (modeled ILO estimate)",SL.EMP.TOTL.SP.ZS,,,,,,,,,,,,,,,,,,,,,,,,,,,,,,,,61.193,61.081,61.56,62.036,62.54,62.546,62.551,62.498,62.308,62.126,61.94,61.763,61.574,61.471,61.282,61.129,60.943,60.809,60.628,60.493,60.187,60.162,62.065,62.546,63.027,63.52,62.61,62.869,63.128,62.361,62.928,63.728
Cameroon,CMR,"Employment to population ratio, 15+, total (%) (modeled ILO estimate)",SL.EMP.TOTL.SP.ZS,,,,,,,,,,,,,,,,,,,,,,,,,,,,,,,,76.084,76.011,75.818,75.876,75.754,75.648,75.706,75.747,75.772,75.787,75.852,76.441,77.039,77.641,78.174,78.712,79.229,77.28,75.237,73.097,72.253,71.386,70.483,69.555,69.507,69.453,69.391,69.329,69.253,68.368,68.351,68.899
"Congo, Dem. Rep.",COD,"Employment to population ratio, 15+, total (%) (modeled ILO estimate)",SL.EMP.TOTL.SP.ZS,,,,,,,,,,,,,,,,,,,,,,,,,,,,,,,,70.15,70.181,70.201,70.252,70.259,70.296,70.301,70.318,70.304,70.29,70.341,70.384,70.414,70.434,70.443,69.421,68.392,67.347,66.277,65.228,64.151,63.065,63.091,63.104,63.087,63.073,63.069,63.054,63.009,61.959,62.406,62.929
"Congo, Rep.",COG,"Employment to population ratio, 15+, total (%) (modeled ILO estimate)",SL.EMP.TOTL.SP.ZS,,,,,,,,,,,,,,,,,,,,,,,,,,,,,,,,54.713,54.663,54.57,54.469,54.524,54.491,54.406,54.424,54.335,54.425,54.394,54.404,54.369,54.408,54.472,54.425,54.229,54.324,54.338,54.272,54.207,54.29,54.165,54.222,54.08,53.95,53.956,53.878,53.845,52.054,52.3,52.859
Colombia,COL,"Employment to population ratio, 15+, total (%) (modeled ILO estimate)",SL.EMP.TOTL.SP.ZS,,,,,,,,,,,,,,,,,,,,,,,,,,,,,,,,59.965,60.616,62.045,62.113,62.111,60.033,59.962,57.909,53.953,53.752,57.467,56.958,58.522,57.54,58.113,57.506,56.731,56.927,58.875,60.32,61.548,62.649,62.783,63.224,63.713,63.068,62.779,62.16,60.759,53.27,55.388,56.515
Comoros,COM,"Employment to population ratio, 15+, total (%) (modeled ILO estimate)",SL.EMP.TOTL.SP.ZS,,,,,,,,,,,,,,,,,,,,,,,,,,,,,,,,40.256,40.329,40.291,40.222,40.217,40.143,40.105,40.018,39.935,39.878,39.762,39.673,39.58,39.489,39.636,39.777,39.908,40.065,40.198,40.337,40.474,40.6,40.741,40.85,40.784,40.756,40.701,40.631,40.54,39.732,39.883,40.271
Cabo Verde,CPV,"Employment to population ratio, 15+, total (%) (modeled ILO estimate)",SL.EMP.TOTL.SP.ZS,,,,,,,,,,,,,,,,,,,,,,,,,,,,,,,,53.745,53.743,53.676,53.681,53.599,53.53,53.477,53.433,53.375,53.341,53.226,53.196,53.143,53.129,53.065,53.025,53.018,52.928,52.842,52.812,52.699,52.557,52.428,52.3,52.176,52.07,51.936,48.798,50.419,46.178,47.61,48.514
Costa Rica,CRI,"Employment to population ratio, 15+, total (%) (modeled ILO estimate)",SL.EMP.TOTL.SP.ZS,,,,,,,,,,,,,,,,,,,,,,,,,,,,,,,,53.466,53.473,54.307,54.711,55.024,52.522,54.828,56.509,56.168,55.879,57.426,56.811,57.008,55.979,57.992,58.177,59.77,59.17,56.758,54.965,54.849,58.47,58.427,58.734,57.521,53.115,55.224,56.605,57.313,50.66,52.41,54.358
Caribbean small states,CSS,"Employment to population ratio, 15+, total (%) (modeled ILO estimate)",SL.EMP.TOTL.SP.ZS,,,,,,,,,,,,,,,,,,,,,,,,,,,,,,,,56.24372937,55.99921556,56.04607114,56.35014024,56.90307481,56.85052731,56.93288294,56.95117233,56.80455713,56.99319796,56.92675366,56.76307848,56.7371581,57.50769759,57.76537916,58.20681619,58.24747434,58.29731763,56.6950558,55.79848198,55.68436115,55.71701264,55.91373966,56.55828039,57.61692556,57.31022676,57.94595406,58.27183581,58.07928942,55.25716321,56.43829298,57.89372185
Cuba,CUB,"Employment to population ratio, 15+, total (%) (modeled ILO estimate)",SL.EMP.TOTL.SP.ZS,,,,,,,,,,,,,,,,,,,,,,,,,,,,,,,,48.45,47.841,47.057,47.123,47.14,47.772,48.131,48.569,48.788,49.436,50.272,50.723,51.388,51.877,52.284,52.802,53.176,53.472,54.671,53.625,53.813,53.778,53.981,54.347,54.698,54.941,55.186,55.285,55.558,51.21,52.424,53.815
Curacao,CUW,"Employment to population ratio, 15+, total (%) (modeled ILO estimate)",SL.EMP.TOTL.SP.ZS,,,,,,,,,,,,,,,,,,,,,,,,,,,,,,,,,,,,,,,,,,,,,,,,,,,,,,,,,,,,,,,
Cayman Islands,CYM,"Employment to population ratio, 15+, total (%) (modeled ILO estimate)",SL.EMP.TOTL.SP.ZS,,,,,,,,,,,,,,,,,,,,,,,,,,,,,,,,,,,,,,,,,,,,,,,,,,,,,,,,,,,,,,,
Cyprus,CYP,"Employment to population ratio, 15+, total (%) (modeled ILO estimate)",SL.EMP.TOTL.SP.ZS,,,,,,,,,,,,,,,,,,,,,,,,,,,,,,,,57.958,58.11,57.861,57.974,58.147,57.962,57.894,58.067,56.735,57.284,59.235,59.819,60.555,60.31,59.841,60.655,61.866,61.866,60.314,60.247,58.73,55.945,53.254,53.493,53.003,53.318,54.82,57.177,58.509,57.941,59.031,59.688
Czechia,CZE,"Employment to population ratio, 15+, total (%) (modeled ILO estimate)",SL.EMP.TOTL.SP.ZS,,,,,,,,,,,,,,,,,,,,,,,,,,,,,,,,60.017,59.823,58.767,58.97,59.037,58.858,58.095,57.021,55.461,54.799,54.866,55.286,54.764,54.129,54.671,55.032,55.643,55.932,54.772,54.186,54.351,54.547,55.16,55.686,56.419,57.553,58.48,59.203,59.166,58.265,58.09,58.715
Germany,DEU,"Employment to population ratio, 15+, total (%) (modeled ILO estimate)",SL.EMP.TOTL.SP.ZS,,,,,,,,,,,,,,,,,,,,,,,,,,,,,,,,56.259,55.009,53.832,53.083,53.001,52.529,51.984,52.033,52.739,52.909,53.014,52.414,51.714,50.768,51.894,52.917,54.028,54.785,54.793,55.232,56.593,56.838,57.194,57.402,57.39,58.487,58.915,59.209,59.976,58.309,58.388,59.694
Djibouti,DJI,"Employment to population ratio, 15+, total (%) (modeled ILO estimate)",SL.EMP.TOTL.SP.ZS,,,,,,,,,,,,,,,,,,,,,,,,,,,,,,,,25.94,25.94,25.781,25.741,25.678,25.593,25.58,25.578,25.561,25.452,25.418,25.347,25.235,25.116,25.006,24.814,24.615,24.426,24.21,24.068,24.028,23.968,23.943,23.931,23.9,23.895,23.86,23.741,23.605,22.126,22.438,22.621
Dominica,DMA,"Employment to population ratio, 15+, total (%) (modeled ILO estimate)",SL.EMP.TOTL.SP.ZS,,,,,,,,,,,,,,,,,,,,,,,,,,,,,,,,,,,,,,,,,,,,,,,,,,,,,,,,,,,,,,,
Denmark,DNK,"Employment to population ratio, 15+, total (%) (modeled ILO estimate)",SL.EMP.TOTL.SP.ZS,,,,,,,,,,,,,,,,,,,,,,,,,,,,,,,,61.657,61.96,60.148,59.204,60.094,60.74,61.906,61.895,62.418,62.604,62.44,62.837,61.944,62.502,62.479,63.359,63.213,62.685,60.263,58.579,58.151,57.45,56.887,57.015,57.469,57.957,58.122,58.649,59.239,58.522,59.375,60.575
Dominican Republic,DOM,"Employment to population ratio, 15+, total (%) (modeled ILO estimate)",SL.EMP.TOTL.SP.ZS,,,,,,,,,,,,,,,,,,,,,,,,,,,,,,,,52.987,53.437,53.631,53.623,53.803,53.974,54.282,54.468,54.635,54.748,53.121,53.667,52.7,53.268,52.889,54.063,54.258,54.849,52.436,53.755,54.618,55.436,54.914,55.53,57.291,57.904,58.734,60.033,60.88,56.651,58.306,59.888
Algeria,DZA,"Employment to population ratio, 15+, total (%) (modeled ILO estimate)",SL.EMP.TOTL.SP.ZS,,,,,,,,,,,,,,,,,,,,,,,,,,,,,,,,34.904,33.356,32.808,32.36,30.576,32.111,33.295,32.557,31.625,30.789,31.677,32.087,32.827,35.219,36.01,37.051,36.179,36.975,37.221,37.556,37.686,37.393,38.958,36.58,37.034,37.599,37.496,37.415,37.369,34.53,35.35,35.895
East Asia & Pacific (excluding high income),EAP,"Employment to population ratio, 15+, total (%) (modeled ILO estimate)",SL.EMP.TOTL.SP.ZS,,,,,,,,,,,,,,,,,,,,,,,,,,,,,,,,74.54002794,74.40600418,73.93596578,73.63272569,73.3804711,73.10549887,72.73787755,72.42946537,72.1523223,71.99582149,71.24229992,70.44843738,69.7845322,69.3688412,68.79736609,68.42380993,68.26518712,67.77854241,67.3279587,67.08988242,67.18080186,66.93302622,66.50235347,66.2839017,65.94513907,65.60180756,65.20111868,65.02083797,64.70687583,62.35654316,64.00814201,63.94888953
Early-demographic dividend,EAR,"Employment to population ratio, 15+, total (%) (modeled ILO estimate)",SL.EMP.TOTL.SP.ZS,,,,,,,,,,,,,,,,,,,,,,,,,,,,,,,,53.72086477,53.68996543,53.46205808,53.48763468,53.39004246,53.6246919,53.89583292,54.03293517,54.09634862,54.17098329,53.73108915,53.15997091,52.91677413,52.75153099,52.4345907,52.55147598,52.70877507,52.6816462,52.59404923,52.7010242,52.56215893,52.41871093,51.97632522,51.52072844,51.1353875,50.75539231,50.48638451,50.14866867,51.15056088,48.65119903,49.65981956,50.57143847
East Asia & Pacific,EAS,"Employment to population ratio, 15+, total (%) (modeled ILO estimate)",SL.EMP.TOTL.SP.ZS,,,,,,,,,,,,,,,,,,,,,,,,,,,,,,,,72.71697473,72.61198969,72.16976089,71.92237145,71.70871149,71.47630679,71.18407127,70.75059694,70.46976044,70.37806238,69.69040576,68.96053716,68.35419001,68.03326109,67.57054728,67.27879902,67.17117311,66.72105453,66.21376643,66.00112183,66.10944308,65.89653712,65.55167502,65.41037626,65.13171747,64.87008211,64.56972456,64.48918613,64.2608473,62.1084243,63.61093111,63.62951888
Europe & Central Asia (excluding high income),ECA,"Employment to population ratio, 15+, total (%) (modeled ILO estimate)",SL.EMP.TOTL.SP.ZS,,,,,,,,,,,,,,,,,,,,,,,,,,,,,,,,59.35858834,58.82290918,57.05284231,55.64958297,54.54957025,53.42569205,52.00185135,50.93694179,51.90755307,52.22091533,52.03569302,52.31125779,51.95414966,51.89079493,52.21712181,52.36600382,53.11578455,53.37760309,52.47709916,52.96732902,53.63825776,53.95948068,53.99986367,53.91581338,53.93367415,54.12838714,54.2710473,54.4768945,54.09107701,52.73244371,53.61309912,
Europe & Central Asia,ECS,"Employment to population ratio, 15+, total (%) (modeled ILO estimate)",SL.EMP.TOTL.SP.ZS,,,,,,,,,,,,,,,,,,,,,,,,,,,,,,,,55.64392497,54.94340021,53.5198702,52.64837884,52.20511696,51.73042494,51.29197759,51.08112383,51.66539093,51.97401099,52.04279542,51.99766213,51.88299355,51.77108804,52.15833786,52.59598644,53.31406272,53.60606024,52.57161369,52.55110139,52.81512839,52.80649529,52.68221258,52.85487882,53.10001189,53.56230015,53.99569922,54.38853763,54.46849299,53.34715421,53.85351887,54.20837086
Ecuador,ECU,"Employment to population ratio, 15+, total (%) (modeled ILO estimate)",SL.EMP.TOTL.SP.ZS,,,,,,,,,,,,,,,,,,,,,,,,,,,,,,,,60.557,60.442,60.394,60.667,60.582,60.507,61.334,63.312,61.56,60.404,61.358,61.538,61.632,64.097,64.448,65.538,64.673,63.941,61.059,60.116,59.642,60.433,60.342,60.441,63.283,64.557,65.533,64.307,63.659,56.419,62.82,63.752
"Egypt, Arab Rep.",EGY,"Employment to population ratio, 15+, total (%) (modeled ILO estimate)",SL.EMP.TOTL.SP.ZS,,,,,,,,,,,,,,,,,,,,,,,,,,,,,,,,42.338,42.981,42.66,43.537,42.63,43.024,42.735,42.306,43.742,42.072,40.769,38.867,39.315,40.421,40.935,42.043,43.712,43.5,43.547,45.047,43.009,42.382,42.068,41.814,40.848,40.824,39.661,39.033,38.887,38.242,38.259,38.913
Euro area,EMU,"Employment to population ratio, 15+, total (%) (modeled ILO estimate)",SL.EMP.TOTL.SP.ZS,,,,,,,,,,,,,,,,,,,,,,,,,,,,,,,,50.68099301,49.82689722,48.62377724,48.0123553,47.9927379,47.96599404,48.04540439,48.55948771,49.2544653,49.90863876,50.39279825,50.5806252,50.76933622,50.63667359,51.17988118,51.8353719,52.51933854,52.73416619,51.49946005,51.10773036,51.09390046,50.63075176,50.19614555,50.27945838,50.61901287,51.30796739,51.92803752,52.48071061,52.97238384,51.86673989,52.41426799,53.69315336
Eritrea,ERI,"Employment to population ratio, 15+, total (%) (modeled ILO estimate)",SL.EMP.TOTL.SP.ZS,,,,,,,,,,,,,,,,,,,,,,,,,,,,,,,,76.328,76.233,76.188,76.055,76.269,76.146,75.791,75.513,75.222,75.046,74.482,74.012,73.676,73.36,72.929,72.985,73.017,73.297,73.337,73.237,73.452,73.667,74.006,73.75,74.036,73.815,73.858,73.714,73.541,71.437,71.765,72.46
Spain,ESP,"Employment to population ratio, 15+, total (%) (modeled ILO estimate)",SL.EMP.TOTL.SP.ZS,,,,,,,,,,,,,,,,,,,,,,,,,,,,,,,,41.664,40.821,38.665,37.974,38.593,39.092,40.214,41.515,43.598,45.44,46.553,47.541,48.511,49.448,51.579,52.786,53.477,52.417,48.611,47.518,46.654,44.666,43.614,44.261,45.563,46.785,47.866,48.776,49.406,47.577,48.931,50.264
Estonia,EST,"Employment to population ratio, 15+, total (%) (modeled ILO estimate)",SL.EMP.TOTL.SP.ZS,,,,,,,,,,,,,,,,,,,,,,,,,,,,,,,,65.758,62.281,59.024,58.292,55.871,55.142,55.117,54.501,52.159,51.043,50.384,51.254,52.126,52.897,53.912,56.93,57.743,57.831,52.527,50.395,53.701,55.118,55.984,56.59,57.855,58.329,59.569,60.06,60.309,58.662,59.325,61.331
Ethiopia,ETH,"Employment to population ratio, 15+, total (%) (modeled ILO estimate)",SL.EMP.TOTL.SP.ZS,,,,,,,,,,,,,,,,,,,,,,,,,,,,,,,,75.455,75.459,75.573,75.514,75.818,76.135,76.359,76.587,76.904,77.424,77.947,78.417,78.903,79.483,79.969,79.898,79.834,79.762,79.685,79.631,79.555,79.475,79.412,79.157,78.903,78.672,78.437,78.203,77.974,76.51,77.236,77.345
European Union,EUU,"Employment to population ratio, 15+, total (%) (modeled ILO estimate)",SL.EMP.TOTL.SP.ZS,,,,,,,,,,,,,,,,,,,,,,,,,,,,,,,,52.19259391,51.37399649,50.11565527,49.52697683,49.47434482,49.32683304,49.4467261,49.7834354,50.10445582,50.34448826,50.57433954,50.28081837,50.36483199,50.21534454,50.68080895,51.42251826,52.24732568,52.60898305,51.49877782,51.11896016,51.07201608,50.75006498,50.43156655,50.71595258,51.11488714,51.79804992,52.54232117,53.0965749,53.5544844,52.57149452,52.96112301,54.16156549
Fragile and conflict affected situations,FCS,"Employment to population ratio, 15+, total (%) (modeled ILO estimate)",SL.EMP.TOTL.SP.ZS,,,,,,,,,,,,,,,,,,,,,,,,,,,,,,,,62.00850265,61.92950122,61.76215066,61.52845496,61.13747302,60.8730557,60.69761916,60.4473746,60.2198873,60.13432282,60.05011559,59.87640514,59.79127039,59.80148296,59.90351063,59.79582819,59.68473525,59.45243115,59.17260842,58.91293689,58.77714948,58.09052909,57.52422842,57.43324683,57.49114033,57.43609727,57.25132486,57.33189349,57.15049399,55.63053678,56.4286859,57.47484235
Finland,FIN,"Employment to population ratio, 15+, total (%) (modeled ILO estimate)",SL.EMP.TOTL.SP.ZS,,,,,,,,,,,,,,,,,,,,,,,,,,,,,,,,59.309,54.898,51.367,50.576,49.563,50.009,51.107,52.217,53.737,54.186,54.969,54.908,54.694,54.321,55.635,56.273,57.006,57.525,55.449,54.822,55.198,55.111,54.256,53.821,53.381,53.414,53.761,55.03,55.421,54.414,54.696,55.818
Fiji,FJI,"Employment to population ratio, 15+, total (%) (modeled ILO estimate)",SL.EMP.TOTL.SP.ZS,,,,,,,,,,,,,,,,,,,,,,,,,,,,,,,,56.93,56.942,56.848,56.792,56.709,56.646,56.372,56.288,56.27,55.937,55.855,55.727,55.539,55.465,54.523,55.519,56.452,57.44,58.35,59.357,60.279,58.958,57.694,56.371,55.74,55.093,55.029,54.935,54.886,53.644,53.593,54.235
France,FRA,"Employment to population ratio, 15+, total (%) (modeled ILO estimate)",SL.EMP.TOTL.SP.ZS,,,,,,,,,,,,,,,,,,,,,,,,,,,,,,,,50.351,49.893,49.262,48.495,48.881,48.871,48.48,48.766,49.071,50.007,50.721,50.863,51.722,51.238,51.465,51.405,51.969,52.39,51.635,51.498,51.303,51.162,50.841,50.336,50.213,50.201,50.404,50.603,50.622,50.162,51.46,52.076
Faroe Islands,FRO,"Employment to population ratio, 15+, total (%) (modeled ILO estimate)",SL.EMP.TOTL.SP.ZS,,,,,,,,,,,,,,,,,,,,,,,,,,,,,,,,,,,,,,,,,,,,,,,,,,,,,,,,,,,,,,,
"Micronesia, Fed. Sts.",FSM,"Employment to population ratio, 15+, total (%) (modeled ILO estimate)",SL.EMP.TOTL.SP.ZS,,,,,,,,,,,,,,,,,,,,,,,,,,,,,,,,,,,,,,,,,,,,,,,,,,,,,,,,,,,,,,,
Gabon,GAB,"Employment to population ratio, 15+, total (%) (modeled ILO estimate)",SL.EMP.TOTL.SP.ZS,,,,,,,,,,,,,,,,,,,,,,,,,,,,,,,,41.335,41.282,41.386,41.416,41.445,41.442,41.457,41.414,41.256,41.289,41.277,41.195,41.158,41.083,41.048,40.501,40.112,39.553,39.147,38.802,38.7,38.587,38.517,38.446,38.397,38.434,38.468,38.516,38.584,36.284,36.691,37.423
United Kingdom,GBR,"Employment to population ratio, 15+, total (%) (modeled ILO estimate)",SL.EMP.TOTL.SP.ZS,,,,,,,,,,,,,,,,,,,,,,,,,,,,,,,,57.303,56.294,55.484,55.782,56.22,56.638,57.486,57.931,57.945,58.468,58.657,58.676,58.894,59.04,59.312,59.336,59.231,59.233,57.843,57.493,57.319,57.557,57.902,58.841,59.415,59.903,60.186,60.557,60.846,59.991,59.171,60.118
Georgia,GEO,"Employment to population ratio, 15+, total (%) (modeled ILO estimate)",SL.EMP.TOTL.SP.ZS,,,,,,,,,,,,,,,,,,,,,,,,,,,,,,,,64.54,63.297,63.908,62.547,62.641,59.052,58.217,55.897,56.892,57.164,58.821,56.773,58.421,56.596,55.205,53.759,54.894,52.144,51.213,52.261,53.221,54.276,54.109,55.893,57.424,57.062,56.982,55.83,55.649,55.963,56.027,56.561
Ghana,GHA,"Employment to population ratio, 15+, total (%) (modeled ILO estimate)",SL.EMP.TOTL.SP.ZS,,,,,,,,,,,,,,,,,,,,,,,,,,,,,,,,74.834,73.597,72.86,72.086,71.348,70.607,69.849,69.109,67.378,66.806,67.222,67.634,68.039,68.428,68.805,69.176,68.675,68.256,67.722,67.28,67.753,68.102,68.481,66.496,64.534,65.672,66.822,66.724,66.643,65.797,65.948,66.168
Gibraltar,GIB,"Employment to population ratio, 15+, total (%) (modeled ILO estimate)",SL.EMP.TOTL.SP.ZS,,,,,,,,,,,,,,,,,,,,,,,,,,,,,,,,,,,,,,,,,,,,,,,,,,,,,,,,,,,,,,,
Guinea,GIN,"Employment to population ratio, 15+, total (%) (modeled ILO estimate)",SL.EMP.TOTL.SP.ZS,,,,,,,,,,,,,,,,,,,,,,,,,,,,,,,,60.971,61.061,61.14,61.166,61.194,61.274,61.338,61.354,61.369,61.343,61.427,61.489,60.806,60.178,59.542,58.871,58.285,57.598,56.877,56.284,55.628,54.963,54.27,53.595,52.921,52.32,51.636,50.914,50.225,49.264,49.224,49.357
"Gambia, The",GMB,"Employment to population ratio, 15+, total (%) (modeled ILO estimate)",SL.EMP.TOTL.SP.ZS,,,,,,,,,,,,,,,,,,,,,,,,,,,,,,,,52.647,52.756,52.83,52.839,52.883,52.932,52.995,53.014,53.078,53.1,53.135,53.067,53.206,53.237,53.16,53.207,53.273,53.334,53.362,53.375,53.225,53.406,54.191,54.969,55.85,56.666,57.527,58.385,58.307,57.201,57.836,58.545
Guinea-Bissau,GNB,"Employment to population ratio, 15+, total (%) (modeled ILO estimate)",SL.EMP.TOTL.SP.ZS,,,,,,,,,,,,,,,,,,,,,,,,,,,,,,,,55.74,55.727,55.716,55.674,55.598,55.622,55.565,55.381,55.405,55.346,55.252,55.154,55.065,54.973,54.875,54.806,54.74,54.67,54.604,54.548,54.534,54.469,54.449,54.4,54.372,54.341,54.297,54.227,54.18,53.427,53.506,53.918
Equatorial Guinea,GNQ,"Employment to population ratio, 15+, total (%) (modeled ILO estimate)",SL.EMP.TOTL.SP.ZS,,,,,,,,,,,,,,,,,,,,,,,,,,,,,,,,53.39,53.32,53.273,53.206,53.109,52.941,52.746,52.588,52.445,52.344,52.198,52.068,51.981,51.975,51.952,51.915,51.865,51.824,51.704,51.455,51.466,51.459,51.452,51.384,51.262,51.224,51.153,51.136,51.044,49.058,49.49,50.249
Greece,GRC,"Employment to population ratio, 15+, total (%) (modeled ILO estimate)",SL.EMP.TOTL.SP.ZS,,,,,,,,,,,,,,,,,,,,,,,,,,,,,,,,45.393,45.98,45.635,46.097,46.368,46.662,46.505,46.829,46.587,46.858,46.524,47.124,47.774,47.941,47.971,48.599,48.704,48.956,48.285,46.632,43.172,39.493,37.72,38.038,38.896,39.616,40.548,41.504,42.6,42.327,42.957,45.368
Grenada,GRD,"Employment to population ratio, 15+, total (%) (modeled ILO estimate)",SL.EMP.TOTL.SP.ZS,,,,,,,,,,,,,,,,,,,,,,,,,,,,,,,,,,,,,,,,,,,,,,,,,,,,,,,,,,,,,,,
Greenland,GRL,"Employment to population ratio, 15+, total (%) (modeled ILO estimate)",SL.EMP.TOTL.SP.ZS,,,,,,,,,,,,,,,,,,,,,,,,,,,,,,,,,,,,,,,,,,,,,,,,,,,,,,,,,,,,,,,
Guatemala,GTM,"Employment to population ratio, 15+, total (%) (modeled ILO estimate)",SL.EMP.TOTL.SP.ZS,,,,,,,,,,,,,,,,,,,,,,,,,,,,,,,,60.673,60.776,60.814,60.874,60.985,60.971,61.07,61.183,61.22,61.258,61.226,61.307,61.295,61.236,60.76,60.316,59.854,59.318,58.782,58.344,59.5,63.323,58.401,59.078,59.079,59.124,59.441,59.121,57.874,55.185,56.183,57.158
Guam,GUM,"Employment to population ratio, 15+, total (%) (modeled ILO estimate)",SL.EMP.TOTL.SP.ZS,,,,,,,,,,,,,,,,,,,,,,,,,,,,,,,,69.687,68.995,67.331,65.41,64.749,64.031,62.613,63.488,58.78,57.413,56.934,55.293,55.998,56.949,56.823,58.06,53.003,54.559,55.962,56.365,54.274,54.967,55.409,57.854,58.293,59.231,59.213,59.134,59.181,57.936,58.331,58.302
Guyana,GUY,"Employment to population ratio, 15+, total (%) (modeled ILO estimate)",SL.EMP.TOTL.SP.ZS,,,,,,,,,,,,,,,,,,,,,,,,,,,,,,,,51.804,52.137,52.462,52.209,51.919,51.689,51.413,51.08,50.864,50.564,50.337,50.065,50.053,50.075,50.07,50.107,49.823,49.476,49.198,48.899,48.617,48.32,48.006,47.688,47.381,47.115,46.818,46.532,43.309,41.871,42.559,43.913
High income,HIC,"Employment to population ratio, 15+, total (%) (modeled ILO estimate)",SL.EMP.TOTL.SP.ZS,,,,,,,,,,,,,,,,,,,,,,,,,,,,,,,,56.62280344,56.17985487,55.63758829,55.63936946,55.77271597,55.81426853,56.12221941,56.09446526,56.22210236,56.53302649,56.38081995,55.94441238,55.82910384,55.8817943,56.24452597,56.73306429,57.11889136,57.07997317,55.60433983,55.28725331,55.39072668,55.4603132,55.48661963,55.878118,56.23646715,56.72335199,57.18222061,57.67216491,58.10196028,56.23923632,56.95375597,58.16176696
"Hong Kong SAR, China",HKG,"Employment to population ratio, 15+, total (%) (modeled ILO estimate)",SL.EMP.TOTL.SP.ZS,,,,,,,,,,,,,,,,,,,,,,,,,,,,,,,,62.308,61.059,61.226,61.303,59.975,60.032,60.399,59.151,57.499,57.685,58.303,57.329,56.528,57.14,57.587,58.338,58.765,58.713,57.573,57.01,58.016,58.51,59.139,59.045,59.116,58.98,59.155,59.441,58.792,56.1,56.31,56.05
Honduras,HND,"Employment to population ratio, 15+, total (%) (modeled ILO estimate)",SL.EMP.TOTL.SP.ZS,,,,,,,,,,,,,,,,,,,,,,,,,,,,,,,,62.65,63.785,63.902,63.707,63.845,63.055,63.819,63.387,63.344,61.898,61.291,60.761,59.437,58.492,58.642,57.723,57.067,57.697,58.809,59.359,57.06,56.21,59.12,59.608,60.148,59.059,60.801,62.999,61.005,53.851,57.122,58.754
Heavily indebted poor countries (HIPC),HPC,"Employment to population ratio, 15+, total (%) (modeled ILO estimate)",SL.EMP.TOTL.SP.ZS,,,,,,,,,,,,,,,,,,,,,,,,,,,,,,,,67.88006439,67.7966267,67.66708105,67.60534791,67.69206148,67.64994271,67.59034771,67.52858394,67.41015403,67.33257742,67.3830082,67.39126507,67.3637353,67.45579659,67.51907692,67.39972709,67.17403124,66.93585439,66.605344,66.17714428,65.90795156,65.59794717,65.59610402,65.3465871,65.01371535,65.00879618,64.82142049,64.80221256,64.71213726,63.16308227,64.90530634,65.33600953
Croatia,HRV,"Employment to population ratio, 15+, total (%) (modeled ILO estimate)",SL.EMP.TOTL.SP.ZS,,,,,,,,,,,,,,,,,,,,,,,,,,,,,,,,50.677,50.279,49.994,49.544,49.323,49.117,48.619,47.241,45.622,43.852,43.527,43.469,43.29,44.163,43.368,43.715,47.685,48.589,48.233,46.47,44.748,43.187,42.07,43.307,44.198,44.597,45.825,46.875,47.717,47.198,47.84,48.64
Haiti,HTI,"Employment to population ratio, 15+, total (%) (modeled ILO estimate)",SL.EMP.TOTL.SP.ZS,,,,,,,,,,,,,,,,,,,,,,,,,,,,,,,,61.396,61.052,60.771,60.436,60.328,59.889,59.482,59.08,58.684,57.492,56.915,56.354,55.799,55.153,54.626,54.137,53.706,54.33,55.046,55.526,56.227,56.496,56.647,56.715,56.771,56.807,56.885,56.919,56.796,55.405,55.525,55.847
Hungary,HUN,"Employment to population ratio, 15+, total (%) (modeled ILO estimate)",SL.EMP.TOTL.SP.ZS,,,,,,,,,,,,,,,,,,,,,,,,,,,,,,,,49.251,48.42,45.452,44.643,44.121,43.21,43.066,43.776,45.617,46.071,46.043,46.117,46.816,46.499,46.554,46.899,46.727,46.18,44.957,44.761,45.008,45.715,46.615,49.283,50.785,52.606,53.711,54.417,54.927,54.3,56.91,57.663
IBRD only,IBD,"Employment to population ratio, 15+, total (%) (modeled ILO estimate)",SL.EMP.TOTL.SP.ZS,,,,,,,,,,,,,,,,,,,,,,,,,,,,,,,,63.01944178,62.86346306,62.42759688,62.07516918,61.79387479,61.54830324,61.43116205,61.22828936,61.17958233,61.16631826,60.63553061,60.03764159,59.58265049,59.37853835,59.08755819,59.0548654,59.11152847,58.93088548,58.54664856,58.41308034,58.32347079,58.13708384,57.66867874,57.26089536,56.81440406,56.32140667,55.89897166,55.5681025,55.98900498,53.17911306,54.69300236,55.23622818
IDA & IBRD total,IBT,"Employment to population ratio, 15+, total (%) (modeled ILO estimate)",SL.EMP.TOTL.SP.ZS,,,,,,,,,,,,,,,,,,,,,,,,,,,,,,,,62.69063581,62.54425091,62.15665741,61.85529416,61.59584605,61.39688971,61.3042182,61.1280344,61.06948461,61.03968741,60.58855173,60.0885975,59.70670698,59.542826,59.29599705,59.24815561,59.25453294,59.06379506,58.7222765,58.60178435,58.49017954,58.25148118,57.82112529,57.49202425,57.14102182,56.74841428,56.4449112,56.18641109,56.52371913,54.07005142,55.42605874,55.96934014
IDA total,IDA,"Employment to population ratio, 15+, total (%) (modeled ILO estimate)",SL.EMP.TOTL.SP.ZS,,,,,,,,,,,,,,,,,,,,,,,,,,,,,,,,61.12735042,61.03846882,60.89016267,60.83711026,60.68700043,60.70761726,60.73043629,60.67850216,60.58027138,60.48231132,60.38369081,60.3088671,60.23839051,60.24084387,60.17386559,60.05401205,59.84391542,59.60533487,59.42925232,59.351227,59.14344503,58.69439023,58.4050837,58.36790546,58.36467448,58.32792239,58.43587126,58.40713759,58.41407479,57.16803705,58.08255742,58.47202885
IDA blend,IDB,"Employment to population ratio, 15+, total (%) (modeled ILO estimate)",SL.EMP.TOTL.SP.ZS,,,,,,,,,,,,,,,,,,,,,,,,,,,,,,,,56.59193344,56.64799388,56.36688046,56.25222532,55.87982372,56.07034718,56.36931741,56.16983251,56.23643991,56.36467135,56.38525962,56.45684904,56.55083905,56.6341728,56.5001266,56.37851273,56.42928814,56.30149715,56.33847018,56.3713804,56.2271257,55.33748312,54.42726598,54.60491629,54.79534236,54.77165109,54.67203147,54.57833841,54.72753992,53.63743146,54.41139577,54.72126587
Indonesia,IDN,"Employment to population ratio, 15+, total (%) (modeled ILO estimate)",SL.EMP.TOTL.SP.ZS,,,,,,,,,,,,,,,,,,,,,,,,,,,,,,,,64.222,64.509,63.805,63.881,63.763,63.62,63.235,63.276,62.945,63.64,63.048,61.625,61.296,60.876,59.287,59.362,60.892,61.585,62.014,62.845,63.464,64.406,63.863,63.922,63.577,63.459,64.169,64.68,65.79,64.535,63.347,64.246
IDA only,IDX,"Employment to population ratio, 15+, total (%) (modeled ILO estimate)",SL.EMP.TOTL.SP.ZS,,,,,,,,,,,,,,,,,,,,,,,,,,,,,,,,63.35478289,63.18961059,63.0990148,63.07540315,63.03633507,62.98254717,62.87918622,62.9077096,62.73364655,62.53455885,62.38780409,62.24051135,62.08480981,62.0468262,62.01306913,61.89333843,61.55352643,61.26200663,60.98187635,60.85094397,60.61169399,60.38124447,60.39978036,60.25023025,60.14333402,60.09019154,60.29151318,60.28720795,60.21689904,58.88881188,60.03328142,60.46184069
Isle of Man,IMN,"Employment to population ratio, 15+, total (%) (modeled ILO estimate)",SL.EMP.TOTL.SP.ZS,,,,,,,,,,,,,,,,,,,,,,,,,,,,,,,,,,,,,,,,,,,,,,,,,,,,,,,,,,,,,,,
India,IND,"Employment to population ratio, 15+, total (%) (modeled ILO estimate)",SL.EMP.TOTL.SP.ZS,,,,,,,,,,,,,,,,,,,,,,,,,,,,,,,,50.512,50.438,50.432,50.414,50.796,51.185,51.609,51.969,52.318,52.756,52.18,51.628,51.014,50.449,49.886,49.944,50.009,50.125,50.125,50.177,49.659,49.096,48.231,47.362,46.495,45.631,44.783,43.922,46.137,43.253,44.794,45.859
Not classified,INX,"Employment to population ratio, 15+, total (%) (modeled ILO estimate)",SL.EMP.TOTL.SP.ZS,,,,,,,,,,,,,,,,,,,,,,,,,,,,,,,,,,,,,,,,,,,,,,,,,,,,,,,,,,,,,,,
Ireland,IRL,"Employment to population ratio, 15+, total (%) (modeled ILO estimate)",SL.EMP.TOTL.SP.ZS,,,,,,,,,,,,,,,,,,,,,,,,,,,,,,,,47.615,46.9,47.12,48.251,49.834,50.699,52.18,55.445,58.055,59.829,60.142,59.939,59.977,60.238,62.284,62.956,63.302,61.476,56.008,53.504,52.449,52.117,53.453,54.426,55.694,56.976,57.821,58.592,59.254,57.685,59.382,62.678
"Iran, Islamic Rep.",IRN,"Employment to population ratio, 15+, total (%) (modeled ILO estimate)",SL.EMP.TOTL.SP.ZS,,,,,,,,,,,,,,,,,,,,,,,,,,,,,,,,40.992,40.574,40.216,39.852,39.529,39.196,39.128,39.097,39.044,39.035,38.945,38.947,39.755,40.527,40.074,39.436,38.958,37.035,37.239,35.909,34.995,35.583,36.243,35.933,36.731,37.215,38.391,38.663,38.998,36.982,37.371,37.912
Iraq,IRQ,"Employment to population ratio, 15+, total (%) (modeled ILO estimate)",SL.EMP.TOTL.SP.ZS,,,,,,,,,,,,,,,,,,,,,,,,,,,,,,,,38.637,38.579,38.62,38.598,38.566,38.609,38.539,38.496,38.451,38.411,38.323,38.252,38.219,38.272,38.174,38.151,38.102,38.041,37.944,37.871,37.792,37.727,38.07,38.384,38.422,38.481,36.436,36.213,35.74,34.122,33.247,34.091
Iceland,ISL,"Employment to population ratio, 15+, total (%) (modeled ILO estimate)",SL.EMP.TOTL.SP.ZS,,,,,,,,,,,,,,,,,,,,,,,,,,,,,,,,72.777,72.035,70.62,70.624,72.983,73.034,71.996,73.798,75.692,77.024,76.769,74.938,74.55,73.553,73.994,74.779,75.432,74.237,69.487,69.231,69.03,69.869,71.015,72.607,74.087,75.668,75.064,74.093,72.878,69.444,68.95,72.46
Israel,ISR,"Employment to population ratio, 15+, total (%) (modeled ILO estimate)",SL.EMP.TOTL.SP.ZS,,,,,,,,,,,,,,,,,,,,,,,,,,,,,,,,51.117,51.114,53.133,55.591,56.666,56.233,55.08,53.952,53.976,54.54,54.087,52.754,52.655,53.373,54.792,55.556,56.882,57.974,56.878,57.896,58.539,59.218,59.725,60.428,60.725,61.061,61.299,61.373,61.087,59.114,60.19,61.412
Italy,ITA,"Employment to population ratio, 15+, total (%) (modeled ILO estimate)",SL.EMP.TOTL.SP.ZS,,,,,,,,,,,,,,,,,,,,,,,,,,,,,,,,45.57,44.134,43.261,42.392,41.758,41.796,41.783,41.971,42.42,42.918,43.654,44.269,44.872,45.77,45.314,45.752,45.786,45.8,44.723,44.17,44.115,43.853,42.862,42.839,43.143,43.713,44.226,44.623,44.926,44.066,43.956,45.438
Jamaica,JAM,"Employment to population ratio, 15+, total (%) (modeled ILO estimate)",SL.EMP.TOTL.SP.ZS,,,,,,,,,,,,,,,,,,,,,,,,,,,,,,,,65.771,65.489,65.301,64.912,64.579,64.169,63.741,63.279,62.627,62.09,61.547,61.197,60.871,60.813,60.666,60.521,60.31,60.067,57.607,55.858,55.973,55.553,55.991,57.074,59.921,59.516,61.016,62.131,63.87,60.867,63.232,65.198
Jordan,JOR,"Employment to population ratio, 15+, total (%) (modeled ILO estimate)",SL.EMP.TOTL.SP.ZS,,,,,,,,,,,,,,,,,,,,,,,,,,,,,,,,31.497,31.451,31.456,32.587,33.666,34.081,34.086,34.082,34.059,34.002,33.096,32.525,31.977,32.331,32.632,32.422,34.586,34.484,34.927,34.563,33.969,33.364,32.425,32.068,32.734,32.988,32.94,32.026,32.648,32.276,32.284,32.59
Japan,JPN,"Employment to population ratio, 15+, total (%) (modeled ILO estimate)",SL.EMP.TOTL.SP.ZS,,,,,,,,,,,,,,,,,,,,,,,,,,,,,,,,62.46,62.592,62.205,61.756,61.371,61.341,61.534,60.705,59.944,59.474,58.878,57.93,57.58,57.562,57.731,57.888,58.041,57.754,56.825,56.541,56.554,56.437,56.856,57.306,57.483,58.112,58.736,59.932,60.553,60.264,60.361,60.689
Kazakhstan,KAZ,"Employment to population ratio, 15+, total (%) (modeled ILO estimate)",SL.EMP.TOTL.SP.ZS,,,,,,,,,,,,,,,,,,,,,,,,,,,,,,,,69.7,69.803,70.048,65.924,63.713,62.221,62.067,61.988,61.626,61.808,63.055,63.569,63.872,63.992,63.804,64.252,65.28,66.405,66.37,66.831,67.008,66.985,66.955,66.96,66.957,66.841,66.789,66.729,66.716,65.816,65.828,66.299
Kenya,KEN,"Employment to population ratio, 15+, total (%) (modeled ILO estimate)",SL.EMP.TOTL.SP.ZS,,,,,,,,,,,,,,,,,,,,,,,,,,,,,,,,70.811,70.692,70.588,70.492,70.397,70.312,70.22,70.196,70.128,70.244,70.403,70.505,70.657,70.807,70.944,71.079,71.212,71.285,71.441,71.61,71.716,71.841,71.964,72.104,72.233,72.356,71.641,70.948,70.222,69.111,69.686,70.271
Kyrgyz Republic,KGZ,"Employment to population ratio, 15+, total (%) (modeled ILO estimate)",SL.EMP.TOTL.SP.ZS,,,,,,,,,,,,,,,,,,,,,,,,,,,,,,,,60.603,61.799,63.159,65.13,65.617,64.986,64.175,64.11,63.851,63.413,62.982,63.041,62.58,62.168,63.053,63.845,63.479,63.16,62.128,62.458,62.89,62.256,60.401,60.303,60.273,59.387,57.924,56.652,57.613,56.526,56.36,56.744
Cambodia,KHM,"Employment to population ratio, 15+, total (%) (modeled ILO estimate)",SL.EMP.TOTL.SP.ZS,,,,,,,,,,,,,,,,,,,,,,,,,,,,,,,,78.035,77.852,77.796,79.77,79.915,79.725,79.008,78.302,77.654,76.888,76.112,75.322,74.556,73.774,72.991,72.129,71.275,70.756,70.074,69.073,68.323,67.475,68.779,69.833,71.245,72.176,73.741,74.852,75.929,75.093,75.56,75.44
Kiribati,KIR,"Employment to population ratio, 15+, total (%) (modeled ILO estimate)",SL.EMP.TOTL.SP.ZS,,,,,,,,,,,,,,,,,,,,,,,,,,,,,,,,,,,,,,,,,,,,,,,,,,,,,,,,,,,,,,,
St. Kitts and Nevis,KNA,"Employment to population ratio, 15+, total (%) (modeled ILO estimate)",SL.EMP.TOTL.SP.ZS,,,,,,,,,,,,,,,,,,,,,,,,,,,,,,,,,,,,,,,,,,,,,,,,,,,,,,,,,,,,,,,
"Korea, Rep.",KOR,"Employment to population ratio, 15+, total (%) (modeled ILO estimate)",SL.EMP.TOTL.SP.ZS,,,,,,,,,,,,,,,,,,,,,,,,,,,,,,,,59.14,59.362,59.136,60.072,60.664,60.837,60.869,56.401,56.758,59.07,59.59,60.545,59.817,60.546,60.373,60.488,60.561,60.136,59.221,59.323,59.69,59.976,60.198,60.972,60.927,60.893,61.163,60.94,61.186,60.342,60.784,62.184
Kuwait,KWT,"Employment to population ratio, 15+, total (%) (modeled ILO estimate)",SL.EMP.TOTL.SP.ZS,,,,,,,,,,,,,,,,,,,,,,,,,,,,,,,,63.514,62.824,63.266,65.42,66.734,66.841,66.32,65.864,65.559,65.403,65.564,65.778,66.274,66.784,67.293,67.211,66.879,66.757,67.105,67.451,68.13,68.889,69.429,69.776,71.236,71.649,71.612,71.701,71.462,67.648,68.389,69.721
Latin America & Caribbean (excluding high income),LAC,"Employment to population ratio, 15+, total (%) (modeled ILO estimate)",SL.EMP.TOTL.SP.ZS,,,,,,,,,,,,,,,,,,,,,,,,,,,,,,,,58.24030859,58.39665173,58.64997394,58.52202661,57.81349743,57.13099559,57.97344028,57.87613548,57.41163247,57.36886888,57.64864216,57.61256196,57.93627676,58.65552213,59.15927702,59.7043331,59.7339249,59.83736358,59.43778372,59.45343979,59.31260026,59.9700456,59.81518223,59.75282376,59.45729424,58.52214283,58.53169706,58.82523076,59.06223719,53.5809868,56.47103336,58.5889361
Lao PDR,LAO,"Employment to population ratio, 15+, total (%) (modeled ILO estimate)",SL.EMP.TOTL.SP.ZS,,,,,,,,,,,,,,,,,,,,,,,,,,,,,,,,64.044,63.918,63.738,63.501,63.2,63.032,62.865,62.75,62.657,62.496,62.377,62.255,62.126,61.991,61.836,61.628,61.433,61.253,61.083,60.89,60.416,59.954,59.498,59.056,58.631,58.222,57.825,57.679,57.553,56.827,56.832,57.303
Lebanon,LBN,"Employment to population ratio, 15+, total (%) (modeled ILO estimate)",SL.EMP.TOTL.SP.ZS,,,,,,,,,,,,,,,,,,,,,,,,,,,,,,,,40.739,40.415,40.332,40.306,40.304,39.98,39.973,39.97,40.141,40.301,40.338,40.434,40.566,40.564,40.18,39.812,39.503,40.489,41.494,41.703,41.88,42.099,42.313,42.508,42.692,42.89,43.071,43.234,43.365,38.806,40.192,40.94
Liberia,LBR,"Employment to population ratio, 15+, total (%) (modeled ILO estimate)",SL.EMP.TOTL.SP.ZS,,,,,,,,,,,,,,,,,,,,,,,,,,,,,,,,75.824,75.773,75.7,75.622,75.661,75.672,75.647,75.612,75.578,75.52,75.491,75.5,75.451,75.472,75.481,75.502,75.517,75.521,75.513,75.488,75.517,75.525,75.519,75.481,75.026,74.57,74.522,74.451,74.368,73.034,73.463,73.809
Libya,LBY,"Employment to population ratio, 15+, total (%) (modeled ILO estimate)",SL.EMP.TOTL.SP.ZS,,,,,,,,,,,,,,,,,,,,,,,,,,,,,,,,37.039,37.062,37.173,37.316,37.363,37.539,37.623,37.717,37.818,37.936,38.016,38.129,38.298,38.356,38.469,38.501,38.541,38.553,38.56,38.605,38.506,38.671,38.432,38.324,38.331,38.324,38.429,38.358,38.286,36.617,37.316,37.654
St. Lucia,LCA,"Employment to population ratio, 15+, total (%) (modeled ILO estimate)",SL.EMP.TOTL.SP.ZS,,,,,,,,,,,,,,,,,,,,,,,,,,,,,,,,52.348,52.555,52.622,52.589,53.426,53.203,50.66,50.029,52.361,53.478,52.272,51.306,50.383,51.4,53.115,55.125,56.688,57.785,56.275,55.356,54.421,55.873,53.87,54.702,55.426,56.258,57.025,57.13,58.853,52.925,55.145,57.422
Latin America & Caribbean,LCN,"Employment to population ratio, 15+, total (%) (modeled ILO estimate)",SL.EMP.TOTL.SP.ZS,,,,,,,,,,,,,,,,,,,,,,,,,,,,,,,,57.68809198,57.93893913,58.23036658,58.06411753,57.44850203,56.76968543,57.56774044,57.49369471,56.89395745,56.86386071,57.12198527,56.95659243,57.23359701,57.99587263,58.62945233,59.26139285,59.3448681,59.4895025,59.06391111,59.08434645,59.01967216,59.61451481,59.44054045,59.38945161,59.12324064,58.27138352,58.25600447,58.47707199,58.52716865,53.09147319,55.87649186,57.97351519
Least developed countries: UN classification,LDC,"Employment to population ratio, 15+, total (%) (modeled ILO estimate)",SL.EMP.TOTL.SP.ZS,,,,,,,,,,,,,,,,,,,,,,,,,,,,,,,,64.55552622,64.46726815,64.36230023,64.32894119,64.36381044,64.30468693,64.19190296,64.09793389,63.98309888,63.83851071,63.72838045,63.59177724,63.4287101,63.39608135,63.34004253,63.21072012,62.92918428,62.6729576,62.37075991,62.10923531,61.85794635,61.55329489,61.39129107,61.19004382,61.05785962,60.93645126,61.11742211,61.17201753,61.11522355,59.81840289,61.10536039,61.58288553
Low income,LIC,"Employment to population ratio, 15+, total (%) (modeled ILO estimate)",SL.EMP.TOTL.SP.ZS,,,,,,,,,,,,,,,,,,,,,,,,,,,,,,,,66.29496282,66.26446959,66.11605932,65.98218913,66.0338798,66.0093443,65.93617802,65.85224094,65.77736054,65.70895776,65.62083577,65.51551797,65.41144959,65.44458011,65.42485163,65.08220772,64.70400761,64.33669892,64.13698547,63.8012145,63.56645429,63.28784738,63.29039347,63.14670457,63.04660281,62.903675,62.75317175,62.55115823,62.4352555,61.04170457,62.89157361,63.22455529
Liechtenstein,LIE,"Employment to population ratio, 15+, total (%) (modeled ILO estimate)",SL.EMP.TOTL.SP.ZS,,,,,,,,,,,,,,,,,,,,,,,,,,,,,,,,,,,,,,,,,,,,,,,,,,,,,,,,,,,,,,,
Sri Lanka,LKA,"Employment to population ratio, 15+, total (%) (modeled ILO estimate)",SL.EMP.TOTL.SP.ZS,,,,,,,,,,,,,,,,,,,,,,,,,,,,,,,,50.399,48.569,48.881,49.608,48.146,49.112,49.385,53.426,52.221,51.269,50.971,50.287,50.376,50.08,50.257,50.681,50.754,50.942,50.388,50.743,50.692,50.53,51.347,50.885,51.244,51.452,51.803,49.486,49.81,48.793,49.164,47.49
Lower middle income,LMC,"Employment to population ratio, 15+, total (%) (modeled ILO estimate)",SL.EMP.TOTL.SP.ZS,,,,,,,,,,,,,,,,,,,,,,,,,,,,,,,,53.92819008,53.83257229,53.74729776,53.7339599,53.69947967,53.86365425,53.9813244,54.06183126,54.19603329,54.25771888,53.92834444,53.58661923,53.29708722,53.10789312,52.86375182,52.95261151,53.02324316,52.98486093,52.95608154,53.02054493,52.65665473,52.17985402,51.67068093,51.20448972,50.75349296,50.3442893,49.91434686,49.53374884,50.63322161,48.39578752,49.2504501,50.08639753
Low & middle income,LMY,"Employment to population ratio, 15+, total (%) (modeled ILO estimate)",SL.EMP.TOTL.SP.ZS,,,,,,,,,,,,,,,,,,,,,,,,,,,,,,,,62.87489849,62.71838099,62.33200797,62.04390739,61.7848592,61.59861286,61.48845139,61.31242486,61.29181724,61.28374718,60.83309481,60.38173046,60.00210132,59.82551892,59.55021229,59.4693973,59.44577568,59.22556031,58.88707609,58.75982376,58.64241017,58.39584901,57.96365659,57.61757962,57.25732472,56.85264844,56.53404092,56.27149939,56.62809515,54.1754037,55.5462486,56.0778904
Lesotho,LSO,"Employment to population ratio, 15+, total (%) (modeled ILO estimate)",SL.EMP.TOTL.SP.ZS,,,,,,,,,,,,,,,,,,,,,,,,,,,,,,,,61.583,61.46,61.261,61.165,60.959,60.896,60.749,60.593,60.452,60.099,59.669,59.188,58.826,58.335,57.924,57.49,57.038,56.606,56.026,55.677,55.197,54.756,54.204,54.131,54.07,54.045,53.883,53.863,53.828,52.303,52.382,52.729
Late-demographic dividend,LTE,"Employment to population ratio, 15+, total (%) (modeled ILO estimate)",SL.EMP.TOTL.SP.ZS,,,,,,,,,,,,,,,,,,,,,,,,,,,,,,,,71.27097897,71.08652103,70.58916154,69.99538175,69.67452807,69.14803624,68.75367666,68.32434866,68.21519397,68.16227143,67.64763661,67.14533472,66.58044177,66.4107096,66.22054026,66.04851994,65.9440384,65.61907625,65.03851205,64.81653328,64.84033514,64.70512312,64.41086829,64.26473854,63.95916012,63.51420422,63.1926563,63.00782029,62.64772356,60.00861144,61.82624828,62.22060427
Lithuania,LTU,"Employment to population ratio, 15+, total (%) (modeled ILO estimate)",SL.EMP.TOTL.SP.ZS,,,,,,,,,,,,,,,,,,,,,,,,,,,,,,,,65.447,64.677,55.808,55.182,52.184,52.288,53.068,52.68,53.014,50.661,49.106,50.854,52.452,51.046,51.598,52.057,53.189,52.566,48.752,46.7,48.558,50.017,51.173,52.624,53.765,55.588,56.316,57.765,58.203,57.294,57.861,59.425
Luxembourg,LUX,"Employment to population ratio, 15+, total (%) (modeled ILO estimate)",SL.EMP.TOTL.SP.ZS,,,,,,,,,,,,,,,,,,,,,,,,,,,,,,,,51.083,52.473,51.511,50.856,49.317,49.283,49.895,49.933,51.109,52.155,52.836,53.325,52.177,52.19,53.065,53.075,53.587,53.176,55.182,55.184,54.768,55.73,55.916,56.565,55.979,55.205,56.036,56.533,57.26,56.684,58.669,58.65
Latvia,LVA,"Employment to population ratio, 15+, total (%) (modeled ILO estimate)",SL.EMP.TOTL.SP.ZS,,,,,,,,,,,,,,,,,,,,,,,,,,,,,,,,56.597,55.689,50.074,48.729,48.541,47.39,50.788,50.543,49.778,48.197,48.769,49.961,50.214,50.678,51.607,54.945,56.614,56.786,49.601,47.41,49.034,50.741,52.376,52.839,54.141,54.596,55.526,56.887,57.366,56.675,55.66,57.156
"Macao SAR, China",MAC,"Employment to population ratio, 15+, total (%) (modeled ILO estimate)",SL.EMP.TOTL.SP.ZS,,,,,,,,,,,,,,,,,,,,,,,,,,,,,,,,56.525,57.271,59.286,60.691,61.435,62.231,63.912,62.447,61.215,60.701,60.476,59.842,57.72,59.364,60.997,63.1,66.139,67.463,67.269,67.822,68.869,69.128,69.306,69.903,69.333,68.346,68.168,68.548,68.259,65.877,67.537,67.107
St. Martin (French part),MAF,"Employment to population ratio, 15+, total (%) (modeled ILO estimate)",SL.EMP.TOTL.SP.ZS,,,,,,,,,,,,,,,,,,,,,,,,,,,,,,,,,,,,,,,,,,,,,,,,,,,,,,,,,,,,,,,
Morocco,MAR,"Employment to population ratio, 15+, total (%) (modeled ILO estimate)",SL.EMP.TOTL.SP.ZS,,,,,,,,,,,,,,,,,,,,,,,,,,,,,,,,44.326,44.37,44.506,44.327,44.432,44.295,44.26,44.215,44.18,44.448,44.882,44.815,44.633,45.171,45.065,45.728,45.769,45.749,45.611,45.1,44.78,44.058,43.851,43.398,42.979,42.221,41.303,41.257,41.241,38.626,40.524,40.791
Monaco,MCO,"Employment to population ratio, 15+, total (%) (modeled ILO estimate)",SL.EMP.TOTL.SP.ZS,,,,,,,,,,,,,,,,,,,,,,,,,,,,,,,,,,,,,,,,,,,,,,,,,,,,,,,,,,,,,,,
Moldova,MDA,"Employment to population ratio, 15+, total (%) (modeled ILO estimate)",SL.EMP.TOTL.SP.ZS,,,,,,,,,,,,,,,,,,,,,,,,,,,,,,,,54.789,54.301,54.535,53.564,53.805,52.775,52.609,51.962,51.578,52.935,53.088,52.733,47.525,45.658,45.215,42.855,42.538,42.527,40.033,38.51,39.446,38.448,39.26,41.666,42.389,42.961,42.375,41.916,40.105,38.78,39.782,40.725
Madagascar,MDG,"Employment to population ratio, 15+, total (%) (modeled ILO estimate)",SL.EMP.TOTL.SP.ZS,,,,,,,,,,,,,,,,,,,,,,,,,,,,,,,,81.78,81.797,81.721,81.629,81.591,81.598,81.61,81.593,81.565,81.505,81.941,81.948,82.342,83.325,84.345,84.078,83.794,83.503,83.088,82.804,84.341,85.866,85.454,85.029,84.591,84.413,84.25,84.106,83.971,82.711,83.206,84.061
Maldives,MDV,"Employment to population ratio, 15+, total (%) (modeled ILO estimate)",SL.EMP.TOTL.SP.ZS,,,,,,,,,,,,,,,,,,,,,,,,,,,,,,,,49.434,49.802,50.17,50.537,50.905,51.475,52.042,52.605,53.164,53.72,52.847,51.942,51.041,50.187,49.395,48.347,47.588,46.733,46.004,47.192,48.481,49.823,51.119,52.454,53.818,55.162,57.026,58.881,60.728,57.049,59.269,60.406
Middle East & North Africa,MEA,"Employment to population ratio, 15+, total (%) (modeled ILO estimate)",SL.EMP.TOTL.SP.ZS,,,,,,,,,,,,,,,,,,,,,,,,,,,,,,,,42.30481678,42.22256874,42.08348025,42.169856,41.72480848,41.87237278,41.85974195,41.64499497,41.88897972,41.50881517,41.14954724,40.66802049,41.01298374,41.7150505,41.83577663,42.15412226,42.45895218,42.16358264,42.37278686,42.54451687,41.98732831,42.0635707,42.38709148,42.08797856,42.19416324,42.42257253,42.06621775,42.01576415,42.20016838,40.5808607,40.82200472,41.40130359
Mexico,MEX,"Employment to population ratio, 15+, total (%) (modeled ILO estimate)",SL.EMP.TOTL.SP.ZS,,,,,,,,,,,,,,,,,,,,,,,,,,,,,,,,56.428,56.861,57.336,56.73,55.218,56.249,58.249,58.272,58.211,58.063,57.468,56.787,56.87,57.136,58.089,58.813,58.819,58.395,57.401,57.269,57.434,58.252,58.054,57.587,57.969,58.111,58.149,58.506,59.038,53.961,57.486,58.967
Marshall Islands,MHL,"Employment to population ratio, 15+, total (%) (modeled ILO estimate)",SL.EMP.TOTL.SP.ZS,,,,,,,,,,,,,,,,,,,,,,,,,,,,,,,,,,,,,,,,,,,,,,,,,,,,,,,,,,,,,,,
Middle income,MIC,"Employment to population ratio, 15+, total (%) (modeled ILO estimate)",SL.EMP.TOTL.SP.ZS,,,,,,,,,,,,,,,,,,,,,,,,,,,,,,,,62.66323727,62.4971492,62.09368061,61.79379809,61.51281834,61.31449465,61.20073979,61.01723291,60.99802198,60.99191667,60.51500113,60.03696775,59.63444917,59.4392998,59.14158016,59.073129,59.06863128,58.85340137,58.49879868,58.38100138,58.26634474,58.01658706,57.54565343,57.17848699,56.79137118,56.35787711,56.01668669,55.73950231,56.12635482,53.57028384,54.91815518,55.43192509
North Macedonia,MKD,"Employment to population ratio, 15+, total (%) (modeled ILO estimate)",SL.EMP.TOTL.SP.ZS,,,,,,,,,,,,,,,,,,,,,,,,,,,,,,,,43.163,41.809,40.694,39.089,35.675,33.629,34.368,34.987,35.916,35.866,36.665,35.827,34.51,34.138,33.935,34.557,35.313,36.418,37.532,37.24,38.004,37.957,39.575,40.05,40.743,41.552,42.555,43.49,45.824,45.439,45.58,46.193
Mali,MLI,"Employment to population ratio, 15+, total (%) (modeled ILO estimate)",SL.EMP.TOTL.SP.ZS,,,,,,,,,,,,,,,,,,,,,,,,,,,,,,,,69.426,69.376,69.395,69.377,69.333,69.379,69.367,69.359,69.33,69.29,69.37,69.341,69.379,69.36,69.386,69.436,69.473,69.509,69.529,69.539,69.592,69.612,69.644,69.667,69.599,68.907,68.126,67.989,67.922,63.593,65.12,65.639
Malta,MLT,"Employment to population ratio, 15+, total (%) (modeled ILO estimate)",SL.EMP.TOTL.SP.ZS,,,,,,,,,,,,,,,,,,,,,,,,,,,,,,,,46.738,46.824,46.878,46.795,46.743,46.954,47.024,46.918,46.84,46.099,46.152,46.095,45.551,44.323,44.861,45.004,45.787,46.037,45.664,46.321,47.415,48.738,50.388,51.734,52.428,53.913,55.438,57.497,58.565,58.959,60.239,61.735
Myanmar,MMR,"Employment to population ratio, 15+, total (%) (modeled ILO estimate)",SL.EMP.TOTL.SP.ZS,,,,,,,,,,,,,,,,,,,,,,,,,,,,,,,,75.74,75.211,74.907,74.487,74.114,73.773,73.486,73.189,72.6,71.857,71.236,70.579,69.841,69.129,68.427,67.765,67.168,66.667,66.17,65.734,65.486,65.173,64.833,64.514,64.212,62.745,61.177,61.88,60.252,59.26,,
Middle East & North Africa (excluding high income),MNA,"Employment to population ratio, 15+, total (%) (modeled ILO estimate)",SL.EMP.TOTL.SP.ZS,,,,,,,,,,,,,,,,,,,,,,,,,,,,,,,,40.86878355,40.71134477,40.48267622,40.52231297,40.00763684,40.20330782,40.2352758,40.01916897,40.27232656,39.70781478,39.27546929,38.72168291,39.04498374,39.78129372,39.83803178,40.08309966,40.21339989,39.62597976,39.72802102,39.70582328,38.87388003,38.73829095,38.96030332,38.51496464,38.48273266,38.60260213,38.31892592,38.16636011,38.1969393,36.53435723,36.90411585,37.46009425
Montenegro,MNE,"Employment to population ratio, 15+, total (%) (modeled ILO estimate)",SL.EMP.TOTL.SP.ZS,,,,,,,,,,,,,,,,,,,,,,,,,,,,,,,,36.962,37.139,37.255,36.403,35.931,35.458,35.65,35.431,35.788,35.342,35.221,35.026,34.818,34.544,34.323,36.789,39.392,40.371,39.532,39.214,39.109,40.127,40.293,43.204,44.3,44.854,45.879,47.502,48.724,43.811,46.049,47.868
Mongolia,MNG,"Employment to population ratio, 15+, total (%) (modeled ILO estimate)",SL.EMP.TOTL.SP.ZS,,,,,,,,,,,,,,,,,,,,,,,,,,,,,,,,57.016,57.456,57.734,57.767,57.612,57.437,57.286,57.125,56.981,56.882,56.769,56.592,56.013,55.981,55.821,55.747,55.68,55.153,55.044,55.472,57.7,57.7,56.974,57.206,56.913,54.478,55.772,56.271,59.523,56.868,54.123,54.498
Northern Mariana Islands,MNP,"Employment to population ratio, 15+, total (%) (modeled ILO estimate)",SL.EMP.TOTL.SP.ZS,,,,,,,,,,,,,,,,,,,,,,,,,,,,,,,,,,,,,,,,,,,,,,,,,,,,,,,,,,,,,,,
Mozambique,MOZ,"Employment to population ratio, 15+, total (%) (modeled ILO estimate)",SL.EMP.TOTL.SP.ZS,,,,,,,,,,,,,,,,,,,,,,,,,,,,,,,,81.921,81.741,81.756,81.663,81.574,81.657,81.674,81.395,81.133,80.794,80.582,80.284,79.986,79.706,79.408,79.135,78.828,78.525,78.215,77.91,77.607,77.294,76.977,76.663,76.339,76.28,76.231,76.173,76.106,75.14,75.082,75.418
Mauritania,MRT,"Employment to population ratio, 15+, total (%) (modeled ILO estimate)",SL.EMP.TOTL.SP.ZS,,,,,,,,,,,,,,,,,,,,,,,,,,,,,,,,41.707,41.675,41.667,41.58,41.624,41.566,41.473,41.482,41.455,41.377,41.217,41.048,40.898,40.704,40.544,40.419,40.121,39.95,39.773,39.607,39.435,39.256,38.766,38.281,37.804,37.3,36.85,36.778,36.718,36.071,35.979,36.303
Mauritius,MUS,"Employment to population ratio, 15+, total (%) (modeled ILO estimate)",SL.EMP.TOTL.SP.ZS,,,,,,,,,,,,,,,,,,,,,,,,,,,,,,,,53.965,53.898,53.825,53.76,53.676,53.563,53.441,53.309,53.119,53.001,51.799,52.965,55.038,53.415,53.101,53.153,52.719,53.549,53.599,54.076,53.434,53.674,54.716,54.871,55.244,54.933,55.172,54.787,55.28,53.024,53.735,54.304
Malawi,MWI,"Employment to population ratio, 15+, total (%) (modeled ILO estimate)",SL.EMP.TOTL.SP.ZS,,,,,,,,,,,,,,,,,,,,,,,,,,,,,,,,76.556,76.442,76.543,76.379,76.59,76.583,76.625,76.693,76.738,76.749,76.752,76.821,76.847,76.837,76.819,75.76,74.681,73.506,72.305,71.043,69.735,68.841,67.971,67.076,66.141,65.206,64.266,64.181,64.091,64.392,63.815,63.837
Malaysia,MYS,"Employment to population ratio, 15+, total (%) (modeled ILO estimate)",SL.EMP.TOTL.SP.ZS,,,,,,,,,,,,,,,,,,,,,,,,,,,,,,,,59.217,59.13,58.811,59.045,59.321,59.687,59.739,59.392,59.261,59.479,59.104,59.026,58.82,58.732,58.626,58.665,58.667,58.133,58.212,58.364,59.756,60.755,62.184,62.648,62.711,62.382,62.515,62.976,63.456,62.311,62.755,63.498
North America,NAC,"Employment to population ratio, 15+, total (%) (modeled ILO estimate)",SL.EMP.TOTL.SP.ZS,,,,,,,,,,,,,,,,,,,,,,,,,,,,,,,,60.27902907,59.93980149,60.1592746,60.93411092,61.31642764,61.55142296,62.1567579,62.47111319,62.78373659,63.09297186,62.38101301,61.5673225,61.20585755,61.31348547,61.6262672,62.00884844,61.91659982,61.25081757,58.53749398,57.79505821,57.77634303,58.15475362,58.25048553,58.67028945,59.04444316,59.38126783,59.79864053,60.11403291,60.50494931,56.54764866,58.18679227,59.86051451
Namibia,NAM,"Employment to population ratio, 15+, total (%) (modeled ILO estimate)",SL.EMP.TOTL.SP.ZS,,,,,,,,,,,,,,,,,,,,,,,,,,,,,,,,44.718,44.633,44.439,44.394,43.07,41.724,40.419,41.309,42.222,43.142,43.066,43.064,43,43.06,43.149,43.451,43.66,43.852,44.049,44.366,46.109,47.882,49.958,49.564,47.969,46.335,46.746,47.175,47.101,45.815,46.035,46.595
New Caledonia,NCL,"Employment to population ratio, 15+, total (%) (modeled ILO estimate)",SL.EMP.TOTL.SP.ZS,,,,,,,,,,,,,,,,,,,,,,,,,,,,,,,,53.4,53.186,53.255,53.457,53.752,53.462,53.82,53.654,54.093,54.306,54.388,54.462,54.62,54.537,54.759,55.144,55.215,55.159,55.415,55.488,55.223,54.938,54.791,54.598,54.002,53.358,52.813,52.081,51.322,49.731,50.05,49.937
Niger,NER,"Employment to population ratio, 15+, total (%) (modeled ILO estimate)",SL.EMP.TOTL.SP.ZS,,,,,,,,,,,,,,,,,,,,,,,,,,,,,,,,77.956,77.953,77.91,77.875,77.828,77.829,77.839,77.887,77.829,77.825,77.935,77.646,77.336,77.021,76.809,77.238,77.64,78.089,78.455,78.871,79.266,75.961,74.625,73.187,73.162,73.159,73.137,73.112,73.071,72.283,72.367,73.063
Nigeria,NGA,"Employment to population ratio, 15+, total (%) (modeled ILO estimate)",SL.EMP.TOTL.SP.ZS,,,,,,,,,,,,,,,,,,,,,,,,,,,,,,,,58.283,58.275,58.19,58.129,58.066,58.069,58.028,57.982,57.926,57.905,57.927,57.985,57.951,57.966,57.956,58.001,58.039,58.067,58.095,58.111,58.133,55.691,53.225,53.671,54.094,54.506,54.951,55.383,55.805,54.812,54.886,55.476
Nicaragua,NIC,"Employment to population ratio, 15+, total (%) (modeled ILO estimate)",SL.EMP.TOTL.SP.ZS,,,,,,,,,,,,,,,,,,,,,,,,,,,,,,,,53.821,53.73,53.592,53.652,53.797,54.276,54.697,55.14,55.477,55.733,56.008,56.266,56.575,57.628,58.595,58.958,59.546,59.046,58.125,58.646,59.808,60.952,61.224,62.033,62.058,62.712,63.241,61.805,61.596,60.069,61.492,62.374
Netherlands,NLD,"Employment to population ratio, 15+, total (%) (modeled ILO estimate)",SL.EMP.TOTL.SP.ZS,,,,,,,,,,,,,,,,,,,,,,,,,,,,,,,,53.472,54.794,54.483,54.673,54.961,55.877,57.582,58.982,60.218,61.796,62.819,63.226,62.425,61.882,59.707,60.401,61.862,62.926,62.593,61.604,61.326,61.217,60.248,59.612,59.957,60.238,60.912,61.808,62.59,62.084,62.416,63.754
Norway,NOR,"Employment to population ratio, 15+, total (%) (modeled ILO estimate)",SL.EMP.TOTL.SP.ZS,,,,,,,,,,,,,,,,,,,,,,,,,,,,,,,,58.679,58.334,58.113,58.944,59.031,61.141,62.801,64.38,64.478,64.681,64.55,64.577,63.265,63.1,62.762,63.468,64.767,65.746,64.376,63.326,63.093,63.278,62.828,62.522,62.112,61.412,60.988,61.483,61.626,60.779,61.938,63.484
Nepal,NPL,"Employment to population ratio, 15+, total (%) (modeled ILO estimate)",SL.EMP.TOTL.SP.ZS,,,,,,,,,,,,,,,,,,,,,,,,,,,,,,,,36.995,36.99,36.984,36.943,37.036,36.971,36.948,36.959,36.935,36.914,36.867,36.857,36.729,36.62,36.512,36.449,36.352,36.196,36.083,35.951,35.832,35.726,35.669,35.568,35.503,35.658,35.665,35.793,35.929,34.601,34.818,35.597
Nauru,NRU,"Employment to population ratio, 15+, total (%) (modeled ILO estimate)",SL.EMP.TOTL.SP.ZS,,,,,,,,,,,,,,,,,,,,,,,,,,,,,,,,,,,,,,,,,,,,,,,,,,,,,,,,,,,,,,,
New Zealand,NZL,"Employment to population ratio, 15+, total (%) (modeled ILO estimate)",SL.EMP.TOTL.SP.ZS,,,,,,,,,,,,,,,,,,,,,,,,,,,,,,,,57.04,56.591,57.088,58.748,60.548,61.464,60.969,60.01,60.539,61.231,62.218,62.998,63.151,64.217,65.101,65.548,65.868,65.423,63.754,63.193,63.475,62.906,63.803,64.96,65.059,66.367,67.558,67.84,67.65,67.009,68.114,68.632
OECD members,OED,"Employment to population ratio, 15+, total (%) (modeled ILO estimate)",SL.EMP.TOTL.SP.ZS,,,,,,,,,,,,,,,,,,,,,,,,,,,,,,,,56.44203669,56.01272974,55.42625719,55.50825741,55.56794409,55.65908028,55.98982603,55.95816119,55.97434421,56.16311424,56.06543425,55.65984516,55.54989025,55.45790563,55.89721167,56.3391141,56.61463533,56.51972572,55.12348293,54.90381698,55.11532689,55.24587011,55.25765942,55.53396474,55.8917777,56.30570029,56.77568431,57.21307,57.45162333,54.97411576,56.16959674,57.50133958
Oman,OMN,"Employment to population ratio, 15+, total (%) (modeled ILO estimate)",SL.EMP.TOTL.SP.ZS,,,,,,,,,,,,,,,,,,,,,,,,,,,,,,,,54.196,54.981,55.69,55.814,55.342,54.866,54.327,53.89,53.608,53.218,52.948,53.019,53.306,53.519,53.695,54.048,54.551,55.283,56.196,57.957,60.421,62.97,64.986,66.13,67.009,67.899,68.713,69.094,68.587,63.319,63.785,65.613
Other small states,OSS,"Employment to population ratio, 15+, total (%) (modeled ILO estimate)",SL.EMP.TOTL.SP.ZS,,,,,,,,,,,,,,,,,,,,,,,,,,,,,,,,54.58765843,54.00916964,53.44421193,53.17618458,52.81507591,52.54529354,52.36326133,52.3538467,52.34835347,52.40291549,52.20084853,52.2034406,52.32641629,52.29725574,52.55422949,53.35737808,54.08247193,54.62697587,54.43578932,54.13891394,54.32453791,54.47919982,54.83580691,55.19342317,55.54834965,55.81487407,56.21394207,56.52263996,56.64838055,54.94508122,55.30945911,55.99675773
Pakistan,PAK,"Employment to population ratio, 15+, total (%) (modeled ILO estimate)",SL.EMP.TOTL.SP.ZS,,,,,,,,,,,,,,,,,,,,,,,,,,,,,,,,49.348,49.341,48.887,48.833,48.047,48.924,49.814,49.644,49.872,50.102,50.127,50.154,50.286,50.423,50.082,49.74,49.85,49.87,50.267,50.668,50.364,50.157,49.932,50.067,50.173,49.742,49.328,48.91,49.108,47.762,49.387,49.365
Panama,PAN,"Employment to population ratio, 15+, total (%) (modeled ILO estimate)",SL.EMP.TOTL.SP.ZS,,,,,,,,,,,,,,,,,,,,,,,,,,,,,,,,53.873,55.281,56.664,56.954,57.997,57.89,57.782,57.059,57.524,57.984,58.438,58.913,58.999,59.371,59.506,58.656,58.537,59.918,60.294,59.365,59,60.783,61.505,60.952,60.918,60.907,60.104,61.523,61.869,54.181,57.832,60.185
Peru,PER,"Employment to population ratio, 15+, total (%) (modeled ILO estimate)",SL.EMP.TOTL.SP.ZS,,,,,,,,,,,,,,,,,,,,,,,,,,,,,,,,56.363,56.073,57.104,58.152,60.061,61.25,62.642,63.524,64.806,62.558,65.332,66.522,68.051,68.672,69.55,72.965,75.038,75.068,75.468,76.387,75.913,75.918,75.08,74.586,73.418,72.561,74.159,74.486,74.745,63.972,68.262,69.427
Philippines,PHL,"Employment to population ratio, 15+, total (%) (modeled ILO estimate)",SL.EMP.TOTL.SP.ZS,,,,,,,,,,,,,,,,,,,,,,,,,,,,,,,,59.352,59.461,59.514,59.479,59.39,59.274,59.145,59.139,59.188,59.122,59.058,59.04,58.982,59.336,59.25,58.932,59.159,58.798,59.068,59.212,59.996,59.569,59.299,59.932,59.525,59.927,57.632,57.6,58.109,53.37,55.293,57.065
Palau,PLW,"Employment to population ratio, 15+, total (%) (modeled ILO estimate)",SL.EMP.TOTL.SP.ZS,,,,,,,,,,,,,,,,,,,,,,,,,,,,,,,,,,,,,,,,,,,,,,,,,,,,,,,,,,,,,,,
Papua New Guinea,PNG,"Employment to population ratio, 15+, total (%) (modeled ILO estimate)",SL.EMP.TOTL.SP.ZS,,,,,,,,,,,,,,,,,,,,,,,,,,,,,,,,71.217,70.606,69.797,69.435,69.621,69.481,69.674,70.036,70.142,70.354,68.388,66.295,64.148,61.898,59.614,57.218,54.811,52.26,49.843,47.373,47.116,47.063,46.997,46.687,46.476,46.353,46.289,46.341,46.258,45.696,45.751,45.778
Poland,POL,"Employment to population ratio, 15+, total (%) (modeled ILO estimate)",SL.EMP.TOTL.SP.ZS,,,,,,,,,,,,,,,,,,,,,,,,,,,,,,,,53.363,52.736,51.751,50.909,50.669,50.739,50.952,51.124,49.26,47.378,46.343,44.549,44.339,44.177,45.38,46.728,48.817,50.65,50.717,50.589,50.78,50.81,50.727,51.801,52.503,53.412,54.366,54.908,55.119,55.074,56.023,56.797
Pre-demographic dividend,PRE,"Employment to population ratio, 15+, total (%) (modeled ILO estimate)",SL.EMP.TOTL.SP.ZS,,,,,,,,,,,,,,,,,,,,,,,,,,,,,,,,64.06425867,64.01988556,63.88975122,63.81922161,63.82982901,63.79664644,63.71951619,63.65309383,63.5624653,63.4941501,63.48734502,63.46100191,63.39886762,63.4293946,63.41738022,63.32753587,63.25188193,63.05853164,62.78664043,62.28204168,62.08923274,61.29245716,60.68049326,60.61307957,60.59889399,60.68968481,60.43342719,60.51930943,60.56646133,59.16661458,60.37263775,60.90951719
Puerto Rico,PRI,"Employment to population ratio, 15+, total (%) (modeled ILO estimate)",SL.EMP.TOTL.SP.ZS,,,,,,,,,,,,,,,,,,,,,,,,,,,,,,,,38.255,37.855,39.152,39.805,39.678,40.486,41.117,41.15,41.74,41.309,40.818,40.684,41.208,41.858,42.286,42.03,41.088,39.657,36.72,35.154,34.142,34.525,34.503,34.56,35.218,35.368,35.68,36.774,37.505,36.626,37.108,38.5
"Korea, Dem. People's Rep.",PRK,"Employment to population ratio, 15+, total (%) (modeled ILO estimate)",SL.EMP.TOTL.SP.ZS,,,,,,,,,,,,,,,,,,,,,,,,,,,,,,,,71.46,71.866,72.089,72.188,72.467,72.66,72.979,72.94,72.561,72.594,72.44,72.454,72.402,72.37,72.252,72.362,72.443,72.348,72.397,72.512,72.437,72.376,72.351,72.362,72.422,72.243,72.486,72.76,72.784,71.194,72.068,72.66
Portugal,PRT,"Employment to population ratio, 15+, total (%) (modeled ILO estimate)",SL.EMP.TOTL.SP.ZS,,,,,,,,,,,,,,,,,,,,,,,,,,,,,,,,58.167,57.055,55.684,54.528,54.035,53.506,53.946,57.779,57.882,58.484,59.077,59.22,58.19,57.632,57.171,57.312,57.252,57.347,55.574,54.636,52.82,50.8,49.683,50.635,51.287,51.98,53.712,54.978,55.422,54.056,54.006,55.308
Paraguay,PRY,"Employment to population ratio, 15+, total (%) (modeled ILO estimate)",SL.EMP.TOTL.SP.ZS,,,,,,,,,,,,,,,,,,,,,,,,,,,,,,,,65.715,65.717,65.888,66.606,67.72,64.323,66.457,66.917,65.945,63.958,64.662,62.294,62.996,66.724,66.893,63.51,65.579,66.237,65.819,64.644,64.748,68.365,66.81,64.542,64.832,66.297,66.964,67.4,67.619,64.826,66.663,66.181
West Bank and Gaza,PSE,"Employment to population ratio, 15+, total (%) (modeled ILO estimate)",SL.EMP.TOTL.SP.ZS,,,,,,,,,,,,,,,,,,,,,,,,,,,,,,,,36.263,36.177,36.152,36.181,36.103,36.268,35.977,35.589,35.427,35.971,28.758,26.049,29.845,29.349,30.904,31.286,32.623,30.358,31.446,31.432,34.081,33.677,33.486,33.473,33.857,33.291,32.701,32.04,33.052,30.341,31.925,33.05
Pacific island small states,PSS,"Employment to population ratio, 15+, total (%) (modeled ILO estimate)",SL.EMP.TOTL.SP.ZS,,,,,,,,,,,,,,,,,,,,,,,,,,,,,,,,62.80799223,62.91350771,62.98880538,63.06593475,63.00493993,62.98308623,62.89463072,62.89783078,62.94526581,62.90009741,63.03095644,63.11465774,63.05813909,63.05478802,62.63001911,63.16899609,63.63719224,64.13651097,64.62771104,65.23952829,65.77027306,65.14257499,64.70298379,64.19610643,64.02288154,63.78544849,63.79095039,63.84172499,63.97027305,63.05941187,63.3475064,63.52889367
Post-demographic dividend,PST,"Employment to population ratio, 15+, total (%) (modeled ILO estimate)",SL.EMP.TOTL.SP.ZS,,,,,,,,,,,,,,,,,,,,,,,,,,,,,,,,56.66343732,56.16155361,55.60208635,55.6313557,55.63225655,55.60994144,55.86821271,55.79760535,56.03051541,56.43768128,56.38598726,56.16156437,56.07739843,56.13811447,56.50135151,56.92320357,57.25868439,57.14136287,55.60251225,55.19879268,55.23733619,55.24278878,55.24370953,55.55158448,55.88573807,56.35176424,56.84612848,57.3410691,57.77836601,55.83387198,56.57736853,58.10010496
French Polynesia,PYF,"Employment to population ratio, 15+, total (%) (modeled ILO estimate)",SL.EMP.TOTL.SP.ZS,,,,,,,,,,,,,,,,,,,,,,,,,,,,,,,,52.554,52.41,52.408,52.471,52.492,52.52,52.357,52.304,51.979,51.745,51.404,51.199,50.933,50.56,50.205,49.86,49.567,49.506,49.34,49.42,49.406,49.498,49.531,49.518,49.542,49.535,49.589,49.522,49.485,48.159,48.551,48.599
Qatar,QAT,"Employment to population ratio, 15+, total (%) (modeled ILO estimate)",SL.EMP.TOTL.SP.ZS,,,,,,,,,,,,,,,,,,,,,,,,,,,,,,,,81.529,81.227,81.285,81.275,81.349,81.35,80.596,80.272,80.24,80.182,80.449,80.615,80.977,80.738,81.371,82.855,84.73,85.865,86.327,86.242,86.007,85.873,86.059,86.639,87.241,87.396,87.368,87.395,87.323,87.493,87.741,88.206
Romania,ROU,"Employment to population ratio, 15+, total (%) (modeled ILO estimate)",SL.EMP.TOTL.SP.ZS,,,,,,,,,,,,,,,,,,,,,,,,,,,,,,,,63.826,64.053,63.177,62.506,61.79,60.432,62.357,61.435,60.888,59.921,59.035,53.085,52.043,51.308,50.073,50.974,51.259,51.354,50.705,51.051,50.225,50.902,50.658,51.139,50.826,50.551,52.231,52.676,52.984,52.29,48.215,49.27
Russian Federation,RUS,"Employment to population ratio, 15+, total (%) (modeled ILO estimate)",SL.EMP.TOTL.SP.ZS,,,,,,,,,,,,,,,,,,,,,,,,,,,,,,,,62.973,62.541,60.17,56.897,55.642,54.577,52.08,50.417,53.257,54.758,54.542,55.537,55.041,55.831,56.506,56.827,58.246,58.601,57.411,57.993,58.76,59.461,59.353,59.539,59.207,59.417,59.309,59.55,59.113,58.162,59.226,
Rwanda,RWA,"Employment to population ratio, 15+, total (%) (modeled ILO estimate)",SL.EMP.TOTL.SP.ZS,,,,,,,,,,,,,,,,,,,,,,,,,,,,,,,,55.988,55.671,55.041,54.365,53.939,53.959,54.08,54.253,54.444,54.622,54.534,54.455,54.203,54.093,53.986,53.903,53.835,53.836,53.762,53.726,53.698,53.647,53.542,53.488,53.458,53.35,53.277,47.176,46.272,49.558,48.351,47.76
South Asia,SAS,"Employment to population ratio, 15+, total (%) (modeled ILO estimate)",SL.EMP.TOTL.SP.ZS,,,,,,,,,,,,,,,,,,,,,,,,,,,,,,,,50.70112442,50.60471303,50.55723312,50.54806277,50.7460936,51.13658621,51.53929349,51.85091735,52.1094018,52.4410289,51.97438956,51.52035008,51.03745123,50.6141624,50.14882113,50.18756243,50.20289249,50.25136252,50.23870505,50.38749162,49.92201491,49.43146345,48.72706277,48.05634345,47.38774237,46.66494482,46.16313345,45.45102579,47.17863417,44.62818533,46.16081762,47.04332299
Saudi Arabia,SAU,"Employment to population ratio, 15+, total (%) (modeled ILO estimate)",SL.EMP.TOTL.SP.ZS,,,,,,,,,,,,,,,,,,,,,,,,,,,,,,,,49.317,49.486,49.164,48.567,48.05,47.695,47.462,47.401,47.561,48.917,49.147,49.315,49.841,50.101,49.888,49.487,49.574,49.76,49.437,50.272,51.127,52.284,52.79,52.797,53.453,54.158,52.304,52.894,55.104,55.604,55.141,55.697
Sudan,SDN,"Employment to population ratio, 15+, total (%) (modeled ILO estimate)",SL.EMP.TOTL.SP.ZS,,,,,,,,,,,,,,,,,,,,,,,,,,,,,,,,42.564,42.744,42.865,42.997,43.219,43.405,43.216,42.946,42.728,42.577,42.423,42.287,42.179,42.08,42.02,42,41.995,41.987,42.847,41.744,40.54,40.275,40.325,40.245,40.163,40.116,40.022,39.96,39.999,38.86,39.252,39.63
Senegal,SEN,"Employment to population ratio, 15+, total (%) (modeled ILO estimate)",SL.EMP.TOTL.SP.ZS,,,,,,,,,,,,,,,,,,,,,,,,,,,,,,,,48.228,48.167,48.107,48.012,47.952,47.885,47.83,47.77,47.68,47.564,47.505,47.398,46.831,46.206,45.594,44.985,44.512,44.045,43.55,43.08,42.57,42.567,42.496,42.482,42.415,47.885,44.123,47.53,49.26,48.466,49.073,49.515
Singapore,SGP,"Employment to population ratio, 15+, total (%) (modeled ILO estimate)",SL.EMP.TOTL.SP.ZS,,,,,,,,,,,,,,,,,,,,,,,,,,,,,,,,60.553,60.522,60.995,61.639,62.188,62.526,63.718,63.412,62.719,63.672,63.685,61.705,61.573,61.593,62.137,63.364,64.316,64.864,64.157,65.857,66.436,66.962,66.81,67.643,68.454,67.993,67.616,67.571,68.262,67.426,68.698,68.345
Solomon Islands,SLB,"Employment to population ratio, 15+, total (%) (modeled ILO estimate)",SL.EMP.TOTL.SP.ZS,,,,,,,,,,,,,,,,,,,,,,,,,,,,,,,,82.108,81.763,81.623,81.482,81.234,81.233,81.431,81.589,81.753,82.353,83.041,83.432,83.463,83.305,83.17,83.068,82.98,82.863,82.786,82.928,82.982,83.238,83.445,83.497,83.566,83.469,83.354,83.297,83.356,82.471,83.029,82.345
Sierra Leone,SLE,"Employment to population ratio, 15+, total (%) (modeled ILO estimate)",SL.EMP.TOTL.SP.ZS,,,,,,,,,,,,,,,,,,,,,,,,,,,,,,,,62.422,62.411,62.49,62.486,62.467,62.52,62.488,62.476,62.44,62.467,62.43,62.501,62.435,63.849,62.917,61.981,61.05,60.093,59.131,58.176,57.213,56.269,55.312,54.285,53.701,53.258,52.726,52.19,52.091,51.394,51.203,51.393
El Salvador,SLV,"Employment to population ratio, 15+, total (%) (modeled ILO estimate)",SL.EMP.TOTL.SP.ZS,,,,,,,,,,,,,,,,,,,,,,,,,,,,,,,,56.301,56.347,55.873,58.071,57.167,55.742,55.325,57.875,57.324,57.027,56.522,56.469,57.412,56.102,56.228,56.969,57.513,57.369,55.993,56.942,56.985,57.855,58.257,56.903,56.312,56.599,56.346,56.282,57.279,52.909,55.164,56.62
San Marino,SMR,"Employment to population ratio, 15+, total (%) (modeled ILO estimate)",SL.EMP.TOTL.SP.ZS,,,,,,,,,,,,,,,,,,,,,,,,,,,,,,,,,,,,,,,,,,,,,,,,,,,,,,,,,,,,,,,
Somalia,SOM,"Employment to population ratio, 15+, total (%) (modeled ILO estimate)",SL.EMP.TOTL.SP.ZS,,,,,,,,,,,,,,,,,,,,,,,,,,,,,,,,26.862,26.87,26.974,26.931,27.119,27.247,27.325,27.46,27.561,27.634,27.735,27.797,27.824,27.836,27.844,27.888,27.965,27.99,27.989,27.958,27.948,27.907,27.874,27.823,27.806,27.73,27.667,27.658,27.623,27.111,27.116,27.157
Serbia,SRB,"Employment to population ratio, 15+, total (%) (modeled ILO estimate)",SL.EMP.TOTL.SP.ZS,,,,,,,,,,,,,,,,,,,,,,,,,,,,,,,,50.846,50.949,50.827,50.085,49.657,49.264,48.441,48.217,48.522,48.762,48.269,47.366,46.305,44.089,42.519,42.291,43.848,45.586,42.764,40.155,38.373,38.196,39.956,41.9,42.466,45.227,46.764,47.653,49.127,49.436,50.378,51.116
Sub-Saharan Africa (excluding high income),SSA,"Employment to population ratio, 15+, total (%) (modeled ILO estimate)",SL.EMP.TOTL.SP.ZS,,,,,,,,,,,,,,,,,,,,,,,,,,,,,,,,65.12191126,65.0968034,65.05656357,65.04609287,65.09072197,65.0558415,64.97138302,64.92175561,64.84160694,64.82079267,64.86439805,64.92922024,64.96798001,65.0756402,65.15072429,65.09627408,64.99474813,64.8313645,64.49629402,63.75817405,63.85093102,63.24743551,62.80593099,62.66872211,62.67991112,62.77636212,62.75590037,62.71786711,62.72245143,61.52324135,61.7865762,62.24744907
South Sudan,SSD,"Employment to population ratio, 15+, total (%) (modeled ILO estimate)",SL.EMP.TOTL.SP.ZS,,,,,,,,,,,,,,,,,,,,,,,,,,,,,,,,62.771,62.753,62.704,62.666,62.742,62.765,62.817,62.796,62.804,62.821,62.835,62.811,62.767,62.71,62.675,62.659,62.632,62.593,62.506,62.488,62.415,62.276,62.44,62.303,62.121,62.043,62.034,61.997,61.954,60.285,60.819,61.726
Sub-Saharan Africa,SSF,"Employment to population ratio, 15+, total (%) (modeled ILO estimate)",SL.EMP.TOTL.SP.ZS,,,,,,,,,,,,,,,,,,,,,,,,,,,,,,,,65.12191126,65.0968034,65.05656357,65.04609287,65.09072197,65.0558415,64.97138302,64.92175561,64.84160694,64.82079267,64.86439805,64.92922024,64.96798001,65.0756402,65.15072429,65.09627408,64.99474813,64.8313645,64.49629402,63.75817405,63.85093102,63.24743551,62.80593099,62.66872211,62.67991112,62.77636212,62.75590037,62.71786711,62.72245143,61.52324135,61.7865762,62.24744907
Small states,SST,"Employment to population ratio, 15+, total (%) (modeled ILO estimate)",SL.EMP.TOTL.SP.ZS,,,,,,,,,,,,,,,,,,,,,,,,,,,,,,,,55.45130905,54.98707654,54.59982534,54.48137761,54.34668175,54.13531244,54.01358473,54.0046784,53.96193054,54.03351049,53.87379049,53.83664972,53.90906404,54.04930162,54.25310788,54.94066527,55.48225741,55.90045059,55.43999039,55.0611123,55.19922558,55.28296145,55.55982536,55.92178664,56.37773712,56.49998649,56.91854078,57.21455924,57.27796168,55.40450908,55.92046752,56.72541492
Sao Tome and Principe,STP,"Employment to population ratio, 15+, total (%) (modeled ILO estimate)",SL.EMP.TOTL.SP.ZS,,,,,,,,,,,,,,,,,,,,,,,,,,,,,,,,48.017,47.926,47.834,47.73,47.581,47.464,47.322,47.204,47.075,46.942,46.142,45.05,45.724,45.862,45.699,45.55,45.691,46.038,46.209,46.557,46.819,47.113,47.109,47.088,46.976,46.883,46.762,46.615,46.461,45.269,45.366,45.53
Suriname,SUR,"Employment to population ratio, 15+, total (%) (modeled ILO estimate)",SL.EMP.TOTL.SP.ZS,,,,,,,,,,,,,,,,,,,,,,,,,,,,,,,,40.139,39.998,40.47,41.945,43.954,42.454,42.3,41.961,40.271,41.159,42.042,42.907,43.816,44.721,45.286,45.887,46.478,47.069,47.66,48.999,49.31,49.524,50.853,51.185,51.546,51.666,51.698,51.862,51.815,48.548,49.535,50.435
Slovak Republic,SVK,"Employment to population ratio, 15+, total (%) (modeled ILO estimate)",SL.EMP.TOTL.SP.ZS,,,,,,,,,,,,,,,,,,,,,,,,,,,,,,,,58.475,56.556,54.585,51.715,51.978,53.329,52.575,52.08,49.873,48.362,48.759,48.557,49.794,48.921,49.817,51.233,52.294,53.661,51.788,50.507,50.766,50.944,50.85,51.528,52.793,54.243,55.076,55.88,56.258,55.09,56.47,57.989
Slovenia,SVN,"Employment to population ratio, 15+, total (%) (modeled ILO estimate)",SL.EMP.TOTL.SP.ZS,,,,,,,,,,,,,,,,,,,,,,,,,,,,,,,,53.532,53.272,52.743,52.826,53.403,53.525,54.451,55.177,53.643,53.437,54.394,54.67,52.792,55.426,55.393,55.762,56.813,56.89,55.947,54.886,53.188,52.453,51.459,52.093,52.184,52.072,54.597,55.805,55.486,54.889,55.708,56.766
Sweden,SWE,"Employment to population ratio, 15+, total (%) (modeled ILO estimate)",SL.EMP.TOTL.SP.ZS,,,,,,,,,,,,,,,,,,,,,,,,,,,,,,,,64.142,61.176,57.523,56.661,57.545,56.965,56.206,56.524,57.832,58.606,59.728,59.527,59.159,58.245,58.172,58.889,59.801,59.899,58.073,57.729,58.536,58.459,58.737,58.836,59.174,59.584,60.029,60.351,60.128,58.823,58.733,60.044
Eswatini,SWZ,"Employment to population ratio, 15+, total (%) (modeled ILO estimate)",SL.EMP.TOTL.SP.ZS,,,,,,,,,,,,,,,,,,,,,,,,,,,,,,,,42.52,42.457,42.379,42.262,42.141,41.792,41.396,40.879,40.376,39.87,39.426,39.074,38.695,38.324,37.987,37.616,37.23,37.443,37.728,38.037,38.291,38.589,38.818,39.041,39.336,39.521,39.435,39.36,39.271,37.741,37.975,38.17
Sint Maarten (Dutch part),SXM,"Employment to population ratio, 15+, total (%) (modeled ILO estimate)",SL.EMP.TOTL.SP.ZS,,,,,,,,,,,,,,,,,,,,,,,,,,,,,,,,,,,,,,,,,,,,,,,,,,,,,,,,,,,,,,,
Seychelles,SYC,"Employment to population ratio, 15+, total (%) (modeled ILO estimate)",SL.EMP.TOTL.SP.ZS,,,,,,,,,,,,,,,,,,,,,,,,,,,,,,,,,,,,,,,,,,,,,,,,,,,,,,,,,,,,,,,
Syrian Arab Republic,SYR,"Employment to population ratio, 15+, total (%) (modeled ILO estimate)",SL.EMP.TOTL.SP.ZS,,,,,,,,,,,,,,,,,,,,,,,,,,,,,,,,47.721,47.21,47.041,46.245,45.648,45.781,45.888,46.017,46.482,46.003,44.146,43.652,43.146,42.797,42.437,42.067,40.524,38.825,39.445,39.024,39.656,39.678,39.831,40.045,40.195,40.282,40.373,40.436,40.494,39.028,39.493,40.051
Turks and Caicos Islands,TCA,"Employment to population ratio, 15+, total (%) (modeled ILO estimate)",SL.EMP.TOTL.SP.ZS,,,,,,,,,,,,,,,,,,,,,,,,,,,,,,,,,,,,,,,,,,,,,,,,,,,,,,,,,,,,,,,
Chad,TCD,"Employment to population ratio, 15+, total (%) (modeled ILO estimate)",SL.EMP.TOTL.SP.ZS,,,,,,,,,,,,,,,,,,,,,,,,,,,,,,,,71.709,71.774,71.794,71.368,70.896,70.432,69.967,69.495,69.007,68.525,68.058,67.564,67.081,66.612,66.091,65.563,65.06,64.55,64.04,63.539,62.998,62.491,61.961,61.436,60.898,60.349,59.82,59.292,59.213,58.339,58.409,58.721
East Asia & Pacific (IDA & IBRD countries),TEA,"Employment to population ratio, 15+, total (%) (modeled ILO estimate)",SL.EMP.TOTL.SP.ZS,,,,,,,,,,,,,,,,,,,,,,,,,,,,,,,,74.58309879,74.44143126,73.9616621,73.65275911,73.39306539,73.11159295,72.73460951,72.42260812,72.14687692,71.98791337,71.22659608,70.42238508,69.75079591,69.33039442,68.75339513,68.37390977,68.21234895,67.72080294,67.26391123,67.02133724,67.11433075,66.86420065,66.4283825,66.20699208,65.86316807,65.51777801,65.10899071,64.92304393,64.60496421,62.24526781,63.90439849,63.83704213
Europe & Central Asia (IDA & IBRD countries),TEC,"Employment to population ratio, 15+, total (%) (modeled ILO estimate)",SL.EMP.TOTL.SP.ZS,,,,,,,,,,,,,,,,,,,,,,,,,,,,,,,,58.95697377,58.45716082,56.82500075,55.52334945,54.53353878,53.51687231,52.43838027,51.48904935,52.08208852,52.10225806,51.79699407,51.54402616,51.16738207,51.07067462,51.38620363,51.68751739,52.57213959,52.9788048,52.18648548,52.59265956,53.12640072,53.42139558,53.42829336,53.49066539,53.56596505,53.80742891,54.10508516,54.36105887,54.07142744,52.86563617,53.53409582,
Togo,TGO,"Employment to population ratio, 15+, total (%) (modeled ILO estimate)",SL.EMP.TOTL.SP.ZS,,,,,,,,,,,,,,,,,,,,,,,,,,,,,,,,57.274,57.21,57.087,57.149,57.033,56.88,56.752,56.523,56.399,56.236,56.196,56.156,56.114,56.025,55.965,55.991,56.24,56.528,56.791,57.039,57.287,57.228,57.152,57.062,56.957,56.436,55.898,55.81,55.71,54.996,55.258,55.665
Thailand,THA,"Employment to population ratio, 15+, total (%) (modeled ILO estimate)",SL.EMP.TOTL.SP.ZS,,,,,,,,,,,,,,,,,,,,,,,,,,,,,,,,72.93,73.707,73.42,73.356,73.696,73.871,74.129,71.098,70.424,70.923,71.268,71.745,71.856,72.282,72.685,72.06,72.712,72.534,71.666,71.146,72.796,72.577,70.094,69.425,68.825,67.779,66.94,67.278,66.478,66.283,66.237,65.859
Tajikistan,TJK,"Employment to population ratio, 15+, total (%) (modeled ILO estimate)",SL.EMP.TOTL.SP.ZS,,,,,,,,,,,,,,,,,,,,,,,,,,,,,,,,43.937,43.847,42.011,40.847,40.175,38.786,38.562,37.398,37.891,38.01,38.171,38.333,38.508,38.935,38.677,38.354,37.962,37.583,37.621,37.864,38.124,38.39,38.657,38.928,39.197,39.456,39.024,38.558,38.119,37.578,37.98,37.972
Turkmenistan,TKM,"Employment to population ratio, 15+, total (%) (modeled ILO estimate)",SL.EMP.TOTL.SP.ZS,,,,,,,,,,,,,,,,,,,,,,,,,,,,,,,,50.025,51.3,51.398,51.379,50.214,48.753,49.47,48.357,47.002,47.329,47.559,48.112,48.352,48.492,48.062,47.9,47.742,47.407,47.625,47.236,46.598,46.21,45.877,45.563,45.412,45.259,45.101,44.962,44.825,43.702,44.019,43.912
Latin America & the Caribbean (IDA & IBRD countries),TLA,"Employment to population ratio, 15+, total (%) (modeled ILO estimate)",SL.EMP.TOTL.SP.ZS,,,,,,,,,,,,,,,,,,,,,,,,,,,,,,,,58.14823934,58.42556684,58.73034154,58.5421049,57.89304492,57.15641499,57.96154972,57.86490611,57.22611754,57.17545739,57.42009383,57.23656687,57.49975077,58.265745,58.90339574,59.54119743,59.62113935,59.77070065,59.3255765,59.37829631,59.30925812,59.91538043,59.72825684,59.6622155,59.3690876,58.48098197,58.45191213,58.66449227,58.70549763,53.2207736,56.04968559,58.16174134
Timor-Leste,TLS,"Employment to population ratio, 15+, total (%) (modeled ILO estimate)",SL.EMP.TOTL.SP.ZS,,,,,,,,,,,,,,,,,,,,,,,,,,,,,,,,65.784,65.464,65.158,64.948,64.752,64.488,64.421,64.62,66.624,66.467,65.853,66.151,66.435,66.575,66.576,66.856,66.58,66.162,65.794,65.461,65.113,64.774,64.6,64.352,64.147,63.945,64.157,64.316,63.82,62.981,63.031,63.699
Middle East & North Africa (IDA & IBRD countries),TMN,"Employment to population ratio, 15+, total (%) (modeled ILO estimate)",SL.EMP.TOTL.SP.ZS,,,,,,,,,,,,,,,,,,,,,,,,,,,,,,,,40.90478889,40.74733161,40.51771368,40.55811244,40.04036108,40.23683363,40.27214241,40.05741063,40.31406479,39.73996029,39.36589625,38.83098149,39.12475417,39.87221731,39.91644668,40.1609803,40.28127125,39.71002266,39.80418863,39.78290157,38.91914148,38.78676025,39.01338813,38.56442112,38.52857944,38.65576358,38.37551152,38.22868532,38.24976804,36.59864003,36.95641458,37.50694279
Tonga,TON,"Employment to population ratio, 15+, total (%) (modeled ILO estimate)",SL.EMP.TOTL.SP.ZS,,,,,,,,,,,,,,,,,,,,,,,,,,,,,,,,55.694,56.673,57.747,58.555,58.138,57.588,57.115,56.687,56.268,55.731,55.372,54.964,54.425,54.843,55.494,56.06,55.769,55.515,55.127,54.895,54.665,54.311,54.013,53.744,53.443,53.224,52.893,52.56,52.582,51.864,51.928,51.716
South Asia (IDA & IBRD),TSA,"Employment to population ratio, 15+, total (%) (modeled ILO estimate)",SL.EMP.TOTL.SP.ZS,,,,,,,,,,,,,,,,,,,,,,,,,,,,,,,,50.70112442,50.60471303,50.55723312,50.54806277,50.7460936,51.13658621,51.53929349,51.85091735,52.1094018,52.4410289,51.97438956,51.52035008,51.03745123,50.6141624,50.14882113,50.18756243,50.20289249,50.25136252,50.23870505,50.38749162,49.92201491,49.43146345,48.72706277,48.05634345,47.38774237,46.66494482,46.16313345,45.45102579,47.17863417,44.62818533,46.16081762,47.04332299
Sub-Saharan Africa (IDA & IBRD countries),TSS,"Employment to population ratio, 15+, total (%) (modeled ILO estimate)",SL.EMP.TOTL.SP.ZS,,,,,,,,,,,,,,,,,,,,,,,,,,,,,,,,65.12191126,65.0968034,65.05656357,65.04609287,65.09072197,65.0558415,64.97138302,64.92175561,64.84160694,64.82079267,64.86439805,64.92922024,64.96798001,65.0756402,65.15072429,65.09627408,64.99474813,64.8313645,64.49629402,63.75817405,63.85093102,63.24743551,62.80593099,62.66872211,62.67991112,62.77636212,62.75590037,62.71786711,62.72245143,61.52324135,61.7865762,62.24744907
Trinidad and Tobago,TTO,"Employment to population ratio, 15+, total (%) (modeled ILO estimate)",SL.EMP.TOTL.SP.ZS,,,,,,,,,,,,,,,,,,,,,,,,,,,,,,,,47.314,46.97,46.839,48.447,49.867,50.677,51.696,52.452,52.858,53.795,54.096,54.617,55.144,57.752,58.645,59.903,59.944,60.541,59.37,58.407,57.874,58.808,59.112,59.887,58.522,57.367,57.172,57.102,54.907,52.761,51.865,52.531
Tunisia,TUN,"Employment to population ratio, 15+, total (%) (modeled ILO estimate)",SL.EMP.TOTL.SP.ZS,,,,,,,,,,,,,,,,,,,,,,,,,,,,,,,,40.726,40.642,40.637,40.703,40.735,40.862,40.878,40.709,40.568,40.364,40.285,39.88,39.565,39.36,39.644,39.93,40.192,40.426,40.329,40.771,38.54,39.356,39.866,40.508,39.934,39.83,39.778,39.643,39.792,37.259,37.878,38.361
Turkiye,TUR,"Employment to population ratio, 15+, total (%) (modeled ILO estimate)",SL.EMP.TOTL.SP.ZS,,,,,,,,,,,,,,,,,,,,,,,,,,,,,,,,52.32,51.225,47.477,49.961,49.994,50.168,48.956,49.162,48.647,46.703,45.645,44.444,43.236,41.29,41.49,41.551,41.501,41.705,41.154,42.999,44.971,45.356,45.9,45.502,45.993,46.328,47.078,47.371,45.677,42.837,45.207,47.279
Tuvalu,TUV,"Employment to population ratio, 15+, total (%) (modeled ILO estimate)",SL.EMP.TOTL.SP.ZS,,,,,,,,,,,,,,,,,,,,,,,,,,,,,,,,,,,,,,,,,,,,,,,,,,,,,,,,,,,,,,,
Tanzania,TZA,"Employment to population ratio, 15+, total (%) (modeled ILO estimate)",SL.EMP.TOTL.SP.ZS,,,,,,,,,,,,,,,,,,,,,,,,,,,,,,,,83.482,83.494,83.54,83.573,83.628,83.688,83.701,83.728,83.771,83.792,83.855,84.21,84.527,84.855,85.158,85.434,85.209,84.944,84.673,83.726,82.775,82.403,82.105,82.19,82.154,82.121,82.078,82.016,81.967,78.155,79.586,80.317
Uganda,UGA,"Employment to population ratio, 15+, total (%) (modeled ILO estimate)",SL.EMP.TOTL.SP.ZS,,,,,,,,,,,,,,,,,,,,,,,,,,,,,,,,67.029,67.03,67.11,67.112,67.193,67.188,67.164,67.183,67.243,67.204,67.25,67.314,67.282,67.915,68.544,68.319,68.043,67.787,67.504,67.55,67.655,67.65,68.822,68.554,68.276,67.993,67.693,67.629,67.517,66.211,66.515,66.761
Ukraine,UKR,"Employment to population ratio, 15+, total (%) (modeled ILO estimate)",SL.EMP.TOTL.SP.ZS,,,,,,,,,,,,,,,,,,,,,,,,,,,,,,,,58.155,57.93,57.647,57.422,55.083,53.686,52.731,51.142,50.627,50.508,50.674,50.989,51.39,51.443,52.02,52.009,52.669,52.669,51.281,51.703,51.85,52.036,52.245,51.069,51.148,51.036,50.958,51.358,51.707,49.867,49.269,
Upper middle income,UMC,"Employment to population ratio, 15+, total (%) (modeled ILO estimate)",SL.EMP.TOTL.SP.ZS,,,,,,,,,,,,,,,,,,,,,,,,,,,,,,,,69.37634588,69.20847473,68.6083158,68.13204787,67.70517239,67.26408612,67.00536608,66.65215484,66.5555366,66.54138967,65.98668748,65.42958985,64.96569956,64.80306448,64.49444923,64.33232781,64.31441562,63.99652259,63.40614943,63.17936149,63.34175954,63.34971674,62.9674009,62.74884092,62.47903882,62.08243728,61.89010099,61.7776035,61.52632715,58.71043001,60.50124833,60.95121953
Uruguay,URY,"Employment to population ratio, 15+, total (%) (modeled ILO estimate)",SL.EMP.TOTL.SP.ZS,,,,,,,,,,,,,,,,,,,,,,,,,,,,,,,,52.372,52.439,51.865,52.857,53.259,53.115,53.721,55.299,53.53,52.562,52.287,49.985,49.262,51.759,52.363,55.261,57.821,58.87,59.729,59.678,61.854,61.013,60.664,61.556,60.067,59.545,59.052,58.369,58.139,54.923,57.129,58.48
United States,USA,"Employment to population ratio, 15+, total (%) (modeled ILO estimate)",SL.EMP.TOTL.SP.ZS,,,,,,,,,,,,,,,,,,,,,,,,,,,,,,,,60.343,60.119,60.412,61.22,61.613,61.899,62.514,62.777,63.032,63.297,62.519,61.548,61.066,61.164,61.516,61.921,61.752,61.005,58.2,57.369,57.326,57.752,57.845,58.351,58.785,59.181,59.59,59.94,60.329,56.38,57.946,59.656
Uzbekistan,UZB,"Employment to population ratio, 15+, total (%) (modeled ILO estimate)",SL.EMP.TOTL.SP.ZS,,,,,,,,,,,,,,,,,,,,,,,,,,,,,,,,58.604,59.313,58.475,57.641,57.591,55.846,55.52,53.902,53.735,54.294,54.773,55.278,55.735,55.852,56.103,56.261,56.272,55.82,55.355,54.963,55.001,54.823,54.6,54.273,54.02,53.874,53.433,53.281,53.11,52.678,52.893,53.047
St. Vincent and the Grenadines,VCT,"Employment to population ratio, 15+, total (%) (modeled ILO estimate)",SL.EMP.TOTL.SP.ZS,,,,,,,,,,,,,,,,,,,,,,,,,,,,,,,,50.023,50.183,50.361,50.076,50.409,50.242,50.312,50.37,50.343,50.284,50.246,50.744,51.219,51.491,51.751,52.308,52.554,52.793,52.643,52.491,52.513,52.572,52.619,52.624,52.646,52.693,52.683,52.748,52.707,49.615,50.302,52.01
"Venezuela, RB",VEN,"Employment to population ratio, 15+, total (%) (modeled ILO estimate)",SL.EMP.TOTL.SP.ZS,,,,,,,,,,,,,,,,,,,,,,,,,,,,,,,,58.312,59.551,60.199,58.796,57.771,56.717,57.236,57.193,54.761,55.166,55.825,53.421,52.612,54.32,57.428,59.276,59.73,60.272,60.134,59.31,59.24,58.945,57.909,57.883,57.919,57.925,57.346,56.123,52.452,47.43,48.489,49.934
British Virgin Islands,VGB,"Employment to population ratio, 15+, total (%) (modeled ILO estimate)",SL.EMP.TOTL.SP.ZS,,,,,,,,,,,,,,,,,,,,,,,,,,,,,,,,,,,,,,,,,,,,,,,,,,,,,,,,,,,,,,,
Virgin Islands (U.S.),VIR,"Employment to population ratio, 15+, total (%) (modeled ILO estimate)",SL.EMP.TOTL.SP.ZS,,,,,,,,,,,,,,,,,,,,,,,,,,,,,,,,61.17,61.939,65.96,61.921,58.181,54.531,54.032,53.596,52.497,53.612,55.67,54.606,53.082,54.903,55.791,56.375,56.999,56.64,55.707,53.864,54.205,53.151,49.887,49.246,51.461,51.118,52.008,48.323,45.843,44.939,46.506,46.613
Viet Nam,VNM,"Employment to population ratio, 15+, total (%) (modeled ILO estimate)",SL.EMP.TOTL.SP.ZS,,,,,,,,,,,,,,,,,,,,,,,,,,,,,,,,75.591,75.466,75.181,74.936,74.657,74.337,72.168,72.012,71.787,70.666,70.985,70.963,70.38,69.882,70.896,71.861,72.841,73.65,74.511,75.325,75.507,75.405,76.003,76.069,75.772,75.144,74.706,74.733,74.359,71.741,71.165,72.012
Vanuatu,VUT,"Employment to population ratio, 15+, total (%) (modeled ILO estimate)",SL.EMP.TOTL.SP.ZS,,,,,,,,,,,,,,,,,,,,,,,,,,,,,,,,68.393,68.399,68.467,68.313,68.255,68.264,68.166,68.131,68.182,68.098,68.204,68.531,68.615,68.545,68.439,68.22,68.11,68.01,67.942,67.969,67.985,68.032,68.132,68.165,68.229,68.212,68.076,68.008,67.991,67.168,67.431,67.678
World,WLD,"Employment to population ratio, 15+, total (%) (modeled ILO estimate)",SL.EMP.TOTL.SP.ZS,,,,,,,,,,,,,,,,,,,,,,,,,,,,,,,,61.44244486,61.23797955,60.83264109,60.61772873,60.45484488,60.32727738,60.32189183,60.18986042,60.20272235,60.27331373,59.89823666,59.45169989,59.13238728,59.01645996,58.88737448,58.93065938,58.99204927,58.81248807,58.25743673,58.09527306,58.02577799,57.84329066,57.49858367,57.29441128,57.07098634,56.83316204,56.65556738,56.52486519,56.87826777,54.52043736,55.77327993,56.43601898
Samoa,WSM,"Employment to population ratio, 15+, total (%) (modeled ILO estimate)",SL.EMP.TOTL.SP.ZS,,,,,,,,,,,,,,,,,,,,,,,,,,,,,,,,54.984,54.875,54.594,54.529,54.184,53.74,53.494,53.267,53.023,52.659,52.24,52.016,51.832,51.648,51.475,51.355,51.189,51.055,51.126,51.193,51.099,49.617,49.712,49.706,49.555,49.268,48.933,48.98,49.051,48.239,48.41,48.252
Kosovo,XKX,"Employment to population ratio, 15+, total (%) (modeled ILO estimate)",SL.EMP.TOTL.SP.ZS,,,,,,,,,,,,,,,,,,,,,,,,,,,,,,,,,,,,,,,,,,,,,,,,,,,,,,,,,,,,,,,
"Yemen, Rep.",YEM,"Employment to population ratio, 15+, total (%) (modeled ILO estimate)",SL.EMP.TOTL.SP.ZS,,,,,,,,,,,,,,,,,,,,,,,,,,,,,,,,40.58,40.511,40.529,40.514,40.563,40.609,40.653,40.687,40.719,39.945,39.179,38.464,37.785,37.157,36.591,36.05,35.561,35.109,34.689,34.321,33.439,32.834,32.228,31.639,31.916,32.328,32.631,32.89,33.096,32.654,32.719,33.127
South Africa,ZAF,"Employment to population ratio, 15+, total (%) (modeled ILO estimate)",SL.EMP.TOTL.SP.ZS,,,,,,,,,,,,,,,,,,,,,,,,,,,,,,,,49.692,49.579,49.549,49.471,49.334,49.239,49.078,48.9,48.793,48.674,48.537,48.438,48.303,48.226,48.154,48.113,48.086,48.044,46.152,41.613,44.138,43.766,43.829,43.408,44.496,44.046,44.679,44.051,43.433,41.386,39.718,39.874
Zambia,ZMB,"Employment to population ratio, 15+, total (%) (modeled ILO estimate)",SL.EMP.TOTL.SP.ZS,,,,,,,,,,,,,,,,,,,,,,,,,,,,,,,,48.052,47.703,47.532,48.102,49.143,50.049,51.01,51.951,51.679,51.343,51.049,50.718,50.425,50.095,49.76,51.376,52.975,54.554,53,51.442,52.938,54.505,54.354,54.202,54.017,53.846,53.642,55.538,56.241,57.2,56.868,56.943
Zimbabwe,ZWE,"Employment to population ratio, 15+, total (%) (modeled ILO estimate)",SL.EMP.TOTL.SP.ZS,,,,,,,,,,,,,,,,,,,,,,,,,,,,,,,,63.489,63.33,63.221,63.099,62.488,62.006,61.471,61.714,61.925,62.02,62.197,62.318,62.455,62.669,62.557,62.422,62.313,62.186,62.227,62.214,62.146,62.362,62.526,62.732,62.432,62.126,61.787,61.397,60.941,60.018,60.301,60.812
